roi,band,contrast,Hilbert,IRASA,Residual
FC_midline,alpha1,ESS1->LSS1,-0.07328560885940444,-0.2262538900953747,-0.7184824346446254
FC_midline,alpha1,TS->ESS1,-2.0168370238544813,-1.7381661526996244,-2.136970188562864
FC_midline,alpha1,WS->ESS1,-2.414792773364965,-1.8404070517699094,-2.5930522031734986
FC_midline,alpha1,WS->LSS1,-2.2477071485135878,-1.8316951717876289,-2.803364931416972
FC_midline,alpha1,WS->TS,-1.1802301835628588,-0.7620361196973314,-0.7645089665780769
FC_midline,alpha2,ESS1->LSS1,-0.24702155681487067,-0.1914828302241009,-0.6022316355006272
FC_midline,alpha2,TS->ESS1,-1.9954527712550227,-1.474493397315038,-2.088610514738915
FC_midline,alpha2,WS->ESS1,-2.172225417564428,-1.9084768935734948,-2.149933123913644
FC_midline,alpha2,WS->LSS1,-2.3059862331307395,-1.8915344007880854,-2.229294575116573
FC_midline,alpha2,WS->TS,-0.6877491823891038,-0.5304876953583663,-0.26962242055386515
FC_midline,beta1,ESS1->LSS1,0.6866151338173042,0.5391867050350622,0.5982156597281639
FC_midline,beta1,TS->ESS1,-1.1704359372084736,-0.692120342568592,-0.2700482140858783
FC_midline,beta1,WS->ESS1,-1.6897371907999366,-0.965365816739993,-0.5128541353509779
FC_midline,beta1,WS->LSS1,-0.7206191959448502,-0.544783616800277,-0.01035303255500989
FC_midline,beta1,WS->TS,-1.055758347094933,-0.7051948775289519,-0.4228031951071693
FC_midline,beta2,ESS1->LSS1,-0.395463717667621,-0.28120882348484283,-0.2627688633443571
FC_midline,beta2,TS->ESS1,-1.4799061458158074,-1.2815560519927538,-0.8163383250666383
FC_midline,beta2,WS->ESS1,-2.1168569660229735,-2.0162747700323393,-1.3009221824073474
FC_midline,beta2,WS->LSS1,-2.714960272271601,-2.1826082822809783,-1.4191601977792996
FC_midline,beta2,WS->TS,-1.4836342879661633,-1.1979505119868763,-0.6954479019554689
FC_midline,beta3,ESS1->LSS1,-0.670289669703604,-0.525132985715254,-0.591581886421474
FC_midline,beta3,TS->ESS1,-1.0899000869622653,-1.0557042040908629,-0.0009780515726904612
FC_midline,beta3,WS->ESS1,-1.3779505245472103,-1.189783732088591,0.13662259044784497
FC_midline,beta3,WS->LSS1,-1.963452420934943,-1.5233743134861295,-0.16027136539183912
FC_midline,beta3,WS->TS,-0.52067871381788,-0.39471535072554736,0.14186609420557136
FC_midline,delta,ESS1->LSS1,1.5924716704333344,0.8321774686739578,0.7034259493626961
FC_midline,delta,TS->ESS1,0.6585863166505982,0.2732671698021038,1.0977810191146187
FC_midline,delta,WS->ESS1,0.10032450594619872,0.21635666401079953,0.9323024909827141
FC_midline,delta,WS->LSS1,1.3052295662454827,1.0160197717899333,1.321276404179295
FC_midline,delta,WS->TS,-0.39263527830089157,-0.03361358836926589,0.14819674422650223
FC_midline,theta,ESS1->LSS1,1.408958971224295,0.6694706552261248,0.4741205489729613
FC_midline,theta,TS->ESS1,0.6365771396387183,0.317406054061782,0.5006832687029602
FC_midline,theta,WS->ESS1,0.5577492375786814,0.1457390882971199,0.6168596675657773
FC_midline,theta,WS->LSS1,1.474754569797652,0.7763955026790924,0.9792338125684186
FC_midline,theta,WS->TS,0.16273047480290428,-0.1472196366751566,0.2776537398083463
IPG,alpha1,ESS1->LSS1,0.038681823305048324,-0.2054075775372088,-0.6248335735559923
IPG,alpha1,TS->ESS1,-1.677570849362533,-1.5015571823020326,-2.0566762705272215
IPG,alpha1,WS->ESS1,-2.445784724250057,-2.0062387222121965,-2.6073995074953222
IPG,alpha1,WS->LSS1,-2.3145664050808246,-2.0229091401928643,-2.8373197979246507
IPG,alpha1,WS->TS,-1.2938074709137173,-1.0113982973498328,-0.8550442126749469
IPG,alpha2,ESS1->LSS1,-0.06543554611228201,-0.037115106874355146,-0.39285290193512346
IPG,alpha2,TS->ESS1,-1.8041757587924259,-1.4500477331455834,-1.8059266378243855
IPG,alpha2,WS->ESS1,-1.8939650385907514,-1.5644022256584211,-1.7923467621015101
IPG,alpha2,WS->LSS1,-1.9006916143976125,-1.4951006064590193,-1.7823825285820272
IPG,alpha2,WS->TS,-0.6904635926641637,-0.48370021833223575,-0.2703628686600684
IPG,beta1,ESS1->LSS1,0.6376950355039079,0.41551644179087155,0.5022117035119406
IPG,beta1,TS->ESS1,-1.0546200843940492,-0.3187012875739074,-0.2302329748676001
IPG,beta1,WS->ESS1,-1.4479870099638532,-0.8810903941790955,-0.5677528587871804
IPG,beta1,WS->LSS1,-0.5296309531963598,-0.49369212307023697,-0.07248281867101355
IPG,beta1,WS->TS,-0.8211347448120022,-0.6979375086603515,-0.516438224929817
IPG,beta2,ESS1->LSS1,-0.28073402822567317,-0.39411489509448555,-0.29969189204003616
IPG,beta2,TS->ESS1,-1.5423513358494991,-1.144506088848778,-0.6399503786046683
IPG,beta2,WS->ESS1,-2.002843186453289,-1.678566447980493,-1.2148799610466765
IPG,beta2,WS->LSS1,-2.556238202387294,-2.1615388735097922,-1.2938617235988088
IPG,beta2,WS->TS,-1.2761038215286364,-0.9364687755733055,-0.7385560352642941
IPG,beta3,ESS1->LSS1,-0.6405504694664277,-0.500656143895527,-0.44286455914581596
IPG,beta3,TS->ESS1,-1.0239389725785133,-0.9343476043326088,0.10450323713061233
IPG,beta3,WS->ESS1,-1.1816973178424486,-1.1825279548612906,0.18064312475283598
IPG,beta3,WS->LSS1,-1.7198663135849785,-1.3890819306986026,-0.08064894032026149
IPG,beta3,WS->TS,-0.3178014460986796,-0.3941585754075288,0.09759293800227503
IPG,delta,ESS1->LSS1,1.6169479476136346,0.855084633191198,0.6356769624412396
IPG,delta,TS->ESS1,0.5975942997950133,0.2185886364730644,0.7947757908886836
IPG,delta,WS->ESS1,0.028373551040500086,0.024151477736903525,0.4648397256305924
IPG,delta,WS->LSS1,1.236691350110983,0.8566476197327785,0.8432206392867915
IPG,delta,WS->TS,-0.41779175704655436,-0.17041825185410164,-0.10174532345174785
IPG,theta,ESS1->LSS1,1.4821751781758024,0.7394525761241254,0.5651002456292958
IPG,theta,TS->ESS1,0.5488940525114617,0.2657800784069028,0.46561427643829184
IPG,theta,WS->ESS1,0.4823649081740806,0.09326644821334688,0.5942382158711055
IPG,theta,WS->LSS1,1.4569131365942338,0.8036325544467046,0.9411532353411386
IPG,theta,WS->TS,0.16670590298715457,-0.14141553763896292,0.2307984840803332
L_DLPFC,alpha1,ESS1->LSS1,-0.046216939083995476,-0.16617369860305534,-0.6115430184237474
L_DLPFC,alpha1,TS->ESS1,-1.796342318661165,-1.6453712813535653,-2.0293658541219988
L_DLPFC,alpha1,WS->ESS1,-2.489857226173236,-2.475331661999014,-2.7604274277046255
L_DLPFC,alpha1,WS->LSS1,-2.3953739684287356,-2.3714117978302305,-2.8168004206550297
L_DLPFC,alpha1,WS->TS,-1.286459111507942,-1.0554282437321134,-0.8500363456604152
L_DLPFC,alpha2,ESS1->LSS1,-0.13021209795503105,-0.0002347062746574974,-0.3238132674829168
L_DLPFC,alpha2,TS->ESS1,-1.9529714831874294,-1.4055721682547335,-1.7807132856860781
L_DLPFC,alpha2,WS->ESS1,-1.946755339772271,-1.7420547164368787,-1.9049616121450892
L_DLPFC,alpha2,WS->LSS1,-2.0683100144085755,-1.6971149413584123,-1.9710276608874038
L_DLPFC,alpha2,WS->TS,-0.7294986870356573,-0.5211924222810251,-0.3840046885939728
L_DLPFC,beta1,ESS1->LSS1,0.4895832525051678,0.2950240556088314,0.40670220115006134
L_DLPFC,beta1,TS->ESS1,-1.1357132772920313,-0.4291933239840034,-0.05432134995806563
L_DLPFC,beta1,WS->ESS1,-1.4557286209563087,-0.9359191933910168,-0.21219039948852314
L_DLPFC,beta1,WS->LSS1,-0.727734032096722,-0.6605621209332619,0.09383674534400617
L_DLPFC,beta1,WS->TS,-0.894208465771787,-0.7260260720441494,-0.21905337892385693
L_DLPFC,beta2,ESS1->LSS1,-0.3915260689463054,-0.25146662141187043,-0.1337477964626132
L_DLPFC,beta2,TS->ESS1,-1.6142472402649422,-1.3355302735913104,-0.6641629169903022
L_DLPFC,beta2,WS->ESS1,-2.1618554578835982,-1.7167674820661374,-1.2707139603718731
L_DLPFC,beta2,WS->LSS1,-2.5747004685516446,-1.8415695366778255,-1.2642834501250388
L_DLPFC,beta2,WS->TS,-1.3649669057682474,-0.968581894700757,-0.7539370596695386
L_DLPFC,beta3,ESS1->LSS1,-0.6917842380344671,-0.5706965910185857,-0.4172966499802211
L_DLPFC,beta3,TS->ESS1,-1.220418803635487,-1.0312550811980499,-0.09621000214290167
L_DLPFC,beta3,WS->ESS1,-1.3894115514572734,-1.1642517984130862,0.10826398905741812
L_DLPFC,beta3,WS->LSS1,-1.8393046219508402,-1.4051123475042393,-0.10990446817680471
L_DLPFC,beta3,WS->TS,-0.45559783425250977,-0.31201210841663285,0.17957291891455832
L_DLPFC,delta,ESS1->LSS1,1.56424525286096,0.6951584258528959,0.6375025233683448
L_DLPFC,delta,TS->ESS1,0.5924865954326837,0.29879598682772684,0.6712203745031027
L_DLPFC,delta,WS->ESS1,0.07256063242567222,0.09461896216871486,0.4458710322719187
L_DLPFC,delta,WS->LSS1,1.2695562122751005,0.7566118088128113,0.9423742073414025
L_DLPFC,delta,WS->TS,-0.3807790382950367,-0.14970386329704213,-0.0457645401919183
L_DLPFC,theta,ESS1->LSS1,1.3767066111597785,0.6000039159431169,0.38107693681357124
L_DLPFC,theta,TS->ESS1,0.4971462872119292,0.26762615945868135,0.3020302111077725
L_DLPFC,theta,WS->ESS1,0.4716617278259813,0.1328169364206616,0.5429044787908304
L_DLPFC,theta,WS->LSS1,1.351102067204018,0.681157202720453,0.8320349475800164
L_DLPFC,theta,WS->TS,0.18609574049448113,-0.07732182722502204,0.3194763707974344
L_STG,alpha1,ESS1->LSS1,-0.040087225691019086,-0.17088117450365103,-0.6893909739846253
L_STG,alpha1,TS->ESS1,-1.711716633159108,-1.5240122818067434,-1.9414901695069908
L_STG,alpha1,WS->ESS1,-2.3643103992085255,-1.971567406922262,-2.406476368583679
L_STG,alpha1,WS->LSS1,-2.208085520491808,-1.884100077716176,-2.591829033229047
L_STG,alpha1,WS->TS,-1.2631748772635003,-0.9909144302987806,-0.6453949748084381
L_STG,alpha2,ESS1->LSS1,-0.24907206961095824,-0.12820145450547552,-0.6204134529667596
L_STG,alpha2,TS->ESS1,-1.6812770095409948,-1.433146607269452,-1.744305306260481
L_STG,alpha2,WS->ESS1,-1.8491927574704792,-1.6621269036888522,-1.7803782547785407
L_STG,alpha2,WS->LSS1,-2.083450719897879,-1.6947222836957303,-2.0065650164153888
L_STG,alpha2,WS->TS,-0.7143105062414091,-0.6233785843778206,-0.28008260945365643
L_STG,beta1,ESS1->LSS1,0.8074331914511715,0.6510689845316812,0.7161141248020735
L_STG,beta1,TS->ESS1,-1.0290218359702217,-0.5988540207090343,-0.27362787907029545
L_STG,beta1,WS->ESS1,-1.5367331849864185,-0.9068069709076438,-0.5213220451082073
L_STG,beta1,WS->LSS1,-0.4495223539970669,-0.3962109319882694,0.11393700323559941
L_STG,beta1,WS->TS,-0.9796164589043148,-0.682043428030727,-0.41072488836762777
L_STG,beta2,ESS1->LSS1,-0.3267154688568,-0.1280320083459144,-0.18139054307128946
L_STG,beta2,TS->ESS1,-1.457534541093419,-1.3392968351334908,-0.9155017357741934
L_STG,beta2,WS->ESS1,-2.0683231860757267,-1.8743416646615572,-1.3719534506860032
L_STG,beta2,WS->LSS1,-2.5394266352464925,-1.8982161244531879,-1.4970224320025145
L_STG,beta2,WS->TS,-1.495678868564248,-1.213124893437985,-0.7486607078984673
L_STG,beta3,ESS1->LSS1,-0.621422485829607,-0.44007645565555886,-0.569927640970905
L_STG,beta3,TS->ESS1,-1.013439384170977,-0.9872840184969183,-0.06373230257396303
L_STG,beta3,WS->ESS1,-1.2456261290061839,-1.1341808923368915,0.2626839576402277
L_STG,beta3,WS->LSS1,-1.6513295883172843,-1.2915455122099595,-0.09204357766098713
L_STG,beta3,WS->TS,-0.4928802673595801,-0.33514723143196684,0.3148984422254611
L_STG,delta,ESS1->LSS1,1.6800814560146946,0.8375898323985446,0.70189166072623
L_STG,delta,TS->ESS1,0.6436437305068817,0.2761691634588815,1.0400819293394752
L_STG,delta,WS->ESS1,0.06922985642157543,0.07814285476056537,0.8048282707813887
L_STG,delta,WS->LSS1,1.3265141633234199,0.9593734962940713,1.1917619641223691
L_STG,delta,WS->TS,-0.42559724519301684,-0.19706829525468006,0.10007076903020343
L_STG,theta,ESS1->LSS1,1.4393675279335456,0.7893386307451813,0.40628598758173495
L_STG,theta,TS->ESS1,0.6750411012520192,0.31328488467043575,0.461590432999678
L_STG,theta,WS->ESS1,0.6061133174545205,0.24606801542012607,0.6735242093616
L_STG,theta,WS->LSS1,1.5584444144830654,0.9594987727787221,0.9942327623390141
L_STG,theta,WS->TS,0.22067422177496232,0.026073091295573062,0.35738890020866154
Occipital,alpha1,ESS1->LSS1,-0.13686825182423032,-0.125782829232145,-0.4841329629023207
Occipital,alpha1,TS->ESS1,-1.6445984333122419,-1.4970148340044727,-1.8865183370448961
Occipital,alpha1,WS->ESS1,-2.3810244786442336,-2.2619139950336367,-2.1484170478154287
Occipital,alpha1,WS->LSS1,-2.3471930403456134,-2.1733344490789723,-2.396730536476059
Occipital,alpha1,WS->TS,-1.2631871338206708,-1.1343406681390802,-0.598597375816947
Occipital,alpha2,ESS1->LSS1,-0.07900111390275498,-0.14462209465916478,-0.04354073465782367
Occipital,alpha2,TS->ESS1,-1.4969331205178782,-1.182827601581769,-1.311862147521726
Occipital,alpha2,WS->ESS1,-1.8169087197786444,-1.456972700476251,-1.4324325223940424
Occipital,alpha2,WS->LSS1,-1.728153104344661,-1.532920185119072,-1.358278404099688
Occipital,alpha2,WS->TS,-0.7407646183754399,-0.7922747368800049,-0.45128775839191804
Occipital,beta1,ESS1->LSS1,0.16625935611636522,0.06907137741476915,0.34917294472366106
Occipital,beta1,TS->ESS1,-0.5435752907685092,-0.19333625728469603,0.2537639604371584
Occipital,beta1,WS->ESS1,-1.1234646313129935,-0.8755957026174417,-0.3357631951550148
Occipital,beta1,WS->LSS1,-0.9189087186686594,-0.8293405709929706,-0.038456551488103556
Occipital,beta1,WS->TS,-0.9709075848370187,-1.035574211259575,-0.6018486058273919
Occipital,beta2,ESS1->LSS1,-0.40802576699806586,-0.2075567515641836,-0.047773420454528204
Occipital,beta2,TS->ESS1,-1.1682356662445226,-0.8473442915026728,-0.524355374924046
Occipital,beta2,WS->ESS1,-1.5645461856828673,-1.1817380659440315,-0.7751948447461208
Occipital,beta2,WS->LSS1,-1.8554092095460073,-1.4700356196326183,-0.73569908116612
Occipital,beta2,WS->TS,-0.9990451368570071,-0.6508175352550343,-0.3854437289796295
Occipital,beta3,ESS1->LSS1,-0.64245851740521,-0.5025330574158505,-0.24540002587656506
Occipital,beta3,TS->ESS1,-0.7239017255181329,-0.43999438835132915,0.3807933444602885
Occipital,beta3,WS->ESS1,-0.9673820887711271,-0.6625030868000062,0.6108114898693973
Occipital,beta3,WS->LSS1,-1.4360776962859318,-1.1163628081159565,0.35964042375746996
Occipital,beta3,WS->TS,-0.45743553000234627,-0.2987078298481308,0.3013948817031295
Occipital,delta,ESS1->LSS1,1.0780919409218053,0.3881567604374446,-0.03940532687877682
Occipital,delta,TS->ESS1,0.43627728244534086,0.28025842880953,0.4735356624763674
Occipital,delta,WS->ESS1,-0.27926697316330584,0.09107772803826325,0.2335506696623482
Occipital,delta,WS->LSS1,0.46408804395563824,0.5390311244528552,0.17506410512486092
Occipital,delta,WS->TS,-0.5919673278050028,-0.13652382738776858,-0.12398021838542288
Occipital,theta,ESS1->LSS1,1.2374887561610903,0.40221123270025727,-0.007482573457313485
Occipital,theta,TS->ESS1,0.3139318260515544,0.15141783848110618,0.2919352646905604
Occipital,theta,WS->ESS1,0.07797920704489214,0.009325929588284824,0.3776917230986494
Occipital,theta,WS->LSS1,0.8440763968940047,0.3992042563414883,0.3806984429462432
Occipital,theta,WS->TS,-0.22508704163666537,-0.13793801240505882,0.09134985928988344
R_DLPFC,alpha1,ESS1->LSS1,0.25909682481536966,0.02747655180193965,-0.576084491326385
R_DLPFC,alpha1,TS->ESS1,-1.7361509009586946,-1.4373241973405277,-2.1873002185038115
R_DLPFC,alpha1,WS->ESS1,-2.3935190724951725,-1.9586860570625457,-2.574412188238769
R_DLPFC,alpha1,WS->LSS1,-2.1753580469205693,-1.9990690314784079,-2.8339907540080818
R_DLPFC,alpha1,WS->TS,-1.30874131925325,-0.9549437319157583,-0.8668017218519531
R_DLPFC,alpha2,ESS1->LSS1,0.18781791916193263,0.11413230845078227,-0.3934087269282861
R_DLPFC,alpha2,TS->ESS1,-1.9186510039532294,-1.4000520204700295,-1.9780064519792466
R_DLPFC,alpha2,WS->ESS1,-2.142093195817655,-1.8510491006111907,-2.179315573458305
R_DLPFC,alpha2,WS->LSS1,-2.1338809071086096,-1.8414835720661742,-2.233774674149344
R_DLPFC,alpha2,WS->TS,-0.8169100717253378,-0.4777274685342275,-0.4307352464346716
R_DLPFC,beta1,ESS1->LSS1,0.6868231163107185,0.4749259667522853,0.5095243683002953
R_DLPFC,beta1,TS->ESS1,-0.9055031683584183,-0.392141446615076,-0.25431963015343784
R_DLPFC,beta1,WS->ESS1,-1.3573894230611865,-0.9565588992926505,-0.5659801934052962
R_DLPFC,beta1,WS->LSS1,-0.44962490253739285,-0.5045028036176514,-0.10981507924067878
R_DLPFC,beta1,WS->TS,-0.9225882065011344,-0.746915015413455,-0.5092271684086692
R_DLPFC,beta2,ESS1->LSS1,-0.16828071350121834,-0.25141482395015335,-0.127066233919345
R_DLPFC,beta2,TS->ESS1,-1.5297715291838068,-1.2454195765255394,-0.6913773647239528
R_DLPFC,beta2,WS->ESS1,-2.019813659518703,-1.6575740686153078,-1.0734967592678137
R_DLPFC,beta2,WS->LSS1,-2.1873201083990335,-1.8126743876024831,-1.1437592717434268
R_DLPFC,beta2,WS->TS,-1.242255131662263,-0.8696736356656299,-0.7159388168492248
R_DLPFC,beta3,ESS1->LSS1,-0.7117058033255156,-0.5939699577250952,-0.5101584589945051
R_DLPFC,beta3,TS->ESS1,-0.6467784941967746,-0.6416428690693496,0.35092084850993255
R_DLPFC,beta3,WS->ESS1,-0.8311409313865258,-0.8599624432461216,0.4088421202875128
R_DLPFC,beta3,WS->LSS1,-1.5286269299312716,-1.2033766122078136,0.06353811580543321
R_DLPFC,beta3,WS->TS,-0.31367810584931627,-0.3419224669690596,0.10639956909084428
R_DLPFC,delta,ESS1->LSS1,1.6046848379480643,0.9559304228832038,0.5995894486375657
R_DLPFC,delta,TS->ESS1,0.6433229315846896,0.27872279961928,1.0641669434119112
R_DLPFC,delta,WS->ESS1,0.14747605380922124,0.09425645417421938,0.8490663431897221
R_DLPFC,delta,WS->LSS1,1.2565321433945982,1.0000147461442384,1.271371635820789
R_DLPFC,delta,WS->TS,-0.34487253564802106,-0.15283577305816937,0.13095958042364733
R_DLPFC,theta,ESS1->LSS1,1.4157423782911855,0.8679104431285966,0.6436854836827185
R_DLPFC,theta,TS->ESS1,0.6049662733637462,0.20714698043062615,0.44746556193098647
R_DLPFC,theta,WS->ESS1,0.5513119553080942,0.231776268085302,0.6354055625489271
R_DLPFC,theta,WS->LSS1,1.5330016856389241,0.9229357731624532,1.0843767907392787
R_DLPFC,theta,WS->TS,0.22695757793514268,0.10868547600719287,0.3392394222438527
R_STG,alpha1,ESS1->LSS1,0.390891153974719,0.04907701913144246,-0.5882420751368108
R_STG,alpha1,TS->ESS1,-1.615609795243032,-1.3717609870605174,-2.1656895923789836
R_STG,alpha1,WS->ESS1,-2.2811818420233556,-1.973967051769121,-2.666968005606948
R_STG,alpha1,WS->LSS1,-1.972289161791295,-1.858923989330334,-2.949426225097389
R_STG,alpha1,WS->TS,-1.2699880553431364,-1.0339157721314756,-0.9915239427962282
R_STG,alpha2,ESS1->LSS1,0.3308865578515576,0.22458647704035406,-0.3551218420144007
R_STG,alpha2,TS->ESS1,-1.6073729552599891,-1.2828332244730387,-1.9074043104836522
R_STG,alpha2,WS->ESS1,-1.897788413150209,-1.690974919420898,-2.0007809330816615
R_STG,alpha2,WS->LSS1,-1.8509706200322424,-1.5453119981171908,-2.059631024539138
R_STG,alpha2,WS->TS,-0.7393298243624143,-0.5499308591932078,-0.4042048383652411
R_STG,beta1,ESS1->LSS1,0.8158657963480205,0.6553303693201044,0.5984547519103873
R_STG,beta1,TS->ESS1,-0.6205480274880526,-0.25152174718842424,-0.026431493047886015
R_STG,beta1,WS->ESS1,-1.058972443670457,-0.7398258082425965,-0.5081308781913283
R_STG,beta1,WS->LSS1,-0.08099433913790849,-0.18679643577105223,0.052682924164335274
R_STG,beta1,WS->TS,-0.7948878451828848,-0.682282055900999,-0.5490319501882968
R_STG,beta2,ESS1->LSS1,-0.122998838748124,-0.16903515822659995,-0.1375170649782265
R_STG,beta2,TS->ESS1,-1.2845398371676033,-1.16101545246322,-0.7114368060351468
R_STG,beta2,WS->ESS1,-1.8594971143168626,-1.486176759311951,-1.1576338335912566
R_STG,beta2,WS->LSS1,-2.0569550000313166,-1.6579699918558752,-1.173839618725697
R_STG,beta2,WS->TS,-1.2566402693993242,-0.7830027868692391,-0.7673083711905493
R_STG,beta3,ESS1->LSS1,-0.7344794432605045,-0.6134804898777477,-0.6363948002200392
R_STG,beta3,TS->ESS1,-0.5057922655451377,-0.45929836656557643,0.4896217822387776
R_STG,beta3,WS->ESS1,-0.6031705087262641,-0.7125856259266667,0.541589204968782
R_STG,beta3,WS->LSS1,-1.3896215679204589,-1.1100442894496556,0.08186132840975525
R_STG,beta3,WS->TS,-0.2552507345118339,-0.3225782444182482,0.17892495745150114
R_STG,delta,ESS1->LSS1,1.5953178807923702,0.8837166822781837,0.6273790159083243
R_STG,delta,TS->ESS1,0.761228495381093,0.4303361880290102,0.9357431077999804
R_STG,delta,WS->ESS1,0.28756004632262433,0.3272274139360152,0.8956949721320429
R_STG,delta,WS->LSS1,1.5235472070238525,1.2203658189554902,1.3445381674090198
R_STG,delta,WS->TS,-0.2923220808394703,-0.021084073583821816,0.23015462482396518
R_STG,theta,ESS1->LSS1,1.426253014308231,0.9162746705673666,0.731471798335834
R_STG,theta,TS->ESS1,0.7182697451207444,0.2741155424500477,0.44820746588616595
R_STG,theta,WS->ESS1,0.6779521144064656,0.3157235217022143,0.5997038899437532
R_STG,theta,WS->LSS1,1.7255282756372203,1.0519276734930878,1.0977128263621894
R_STG,theta,WS->TS,0.33011680977946134,0.13867981179598263,0.2950719864722508
SPG,alpha1,ESS1->LSS1,0.2036934367977661,0.1431990769981839,-0.495423039013065
SPG,alpha1,TS->ESS1,-1.5590093967818046,-1.3105679827565284,-1.900936991965357
SPG,alpha1,WS->ESS1,-2.164555201341323,-1.9561984900852305,-2.3252353197561035
SPG,alpha1,WS->LSS1,-2.017885852737175,-1.7764380263615884,-2.6448136358099474
SPG,alpha1,WS->TS,-1.2633265353079326,-0.9629992081984156,-0.8220708590698105
SPG,alpha2,ESS1->LSS1,0.172640503486584,0.2135071876957306,-0.19604951180083136
SPG,alpha2,TS->ESS1,-1.484995452647218,-1.1439002692955684,-1.4722982707439716
SPG,alpha2,WS->ESS1,-1.80611604896072,-1.447744977361343,-1.5488948921111556
SPG,alpha2,WS->LSS1,-1.6668566165718572,-1.3474342552315501,-1.5269092808367173
SPG,alpha2,WS->TS,-0.6664969360503596,-0.6943102228136115,-0.4811411047074144
SPG,beta1,ESS1->LSS1,0.4618411355570808,0.2718068569572755,0.41680240757309905
SPG,beta1,TS->ESS1,-0.6048960950428106,-0.25632373838328604,0.12795468076018832
SPG,beta1,WS->ESS1,-1.046422609368986,-0.8227143974474034,-0.45519324670091305
SPG,beta1,WS->LSS1,-0.5195453514099861,-0.5531200987804096,-0.08676992346151224
SPG,beta1,WS->TS,-0.794807483923996,-0.7501029190475609,-0.6248131835847291
SPG,beta2,ESS1->LSS1,-0.28822130257756234,-0.18278644955788453,-0.052901211159756864
SPG,beta2,TS->ESS1,-1.1797102511085231,-1.0480474987101291,-0.5152701940257104
SPG,beta2,WS->ESS1,-1.538256762302079,-1.2597255180787004,-0.8609383235299846
SPG,beta2,WS->LSS1,-1.8469664561115995,-1.4619091744746886,-0.8216156683228413
SPG,beta2,WS->TS,-0.9942498001232175,-0.4834759571465018,-0.5339467206647924
SPG,beta3,ESS1->LSS1,-0.7090141408118721,-0.6129048685264561,-0.3713938266814894
SPG,beta3,TS->ESS1,-0.5053850658372876,-0.4503651716549072,0.5003726674784073
SPG,beta3,WS->ESS1,-0.5582194999882065,-0.519072812009125,0.6252809015297
SPG,beta3,WS->LSS1,-1.3172014903265679,-1.0195273153820672,0.3005255774567718
SPG,beta3,WS->TS,-0.19461572370641253,-0.13817365667891193,0.20357890580181454
SPG,delta,ESS1->LSS1,1.5768429198522778,0.9386187931937439,0.437217148100492
SPG,delta,TS->ESS1,0.7197265222282258,0.13078839049936672,0.9813382023775482
SPG,delta,WS->ESS1,0.13636558022053488,0.024927700462710884,0.7147739685047906
SPG,delta,WS->LSS1,1.4181088513806104,1.1401117784696244,0.9601754826901638
SPG,delta,WS->TS,-0.3703701477586634,-0.10456550852881093,0.044628595119022965
SPG,theta,ESS1->LSS1,1.4844796196707835,0.8372046177726921,0.5130040532655843
SPG,theta,TS->ESS1,0.5126176374224115,0.07518557811720189,0.27653213186782755
SPG,theta,WS->ESS1,0.44299780229472047,0.1309408685307844,0.42518729927835897
SPG,theta,WS->LSS1,1.4839119181792282,0.8668996821458058,0.7869784687901547
SPG,theta,WS->TS,0.15100830114624883,0.10020854833509933,0.2125231358003228
VmPFC,alpha1,ESS1->LSS1,-0.010247659948204464,-0.17374403647419973,-0.6505141165294208
VmPFC,alpha1,TS->ESS1,-1.8707762389360734,-1.5285865657342952,-2.071261417374089
VmPFC,alpha1,WS->ESS1,-2.528737529809256,-2.038140183987379,-2.736531118706821
VmPFC,alpha1,WS->LSS1,-2.3906127475262027,-2.0882044353576323,-2.9644197865611743
VmPFC,alpha1,WS->TS,-1.2972552017772563,-0.8660280254336638,-0.8884689748150885
VmPFC,alpha2,ESS1->LSS1,-0.059494264669533684,0.005559715253696424,-0.3163694620340041
VmPFC,alpha2,TS->ESS1,-1.992076098316467,-1.3878529269188498,-1.9183987786534076
VmPFC,alpha2,WS->ESS1,-2.085842783816355,-1.6970160887225123,-1.9454689764810882
VmPFC,alpha2,WS->LSS1,-2.112834680563818,-1.725708359150321,-1.82798524832226
VmPFC,alpha2,WS->TS,-0.7815392989411633,-0.5143954343206685,-0.34575990619624425
VmPFC,beta1,ESS1->LSS1,0.4158073429431862,0.2735399309490241,0.42675653858911794
VmPFC,beta1,TS->ESS1,-1.0670509379268298,-0.42926991944363485,-0.056404204704351896
VmPFC,beta1,WS->ESS1,-1.4748509584203757,-1.0906210850360543,-0.43544422384961107
VmPFC,beta1,WS->LSS1,-0.7632994024927996,-0.7941200800957845,-0.09412074390836907
VmPFC,beta1,WS->TS,-0.9423005824965449,-0.8475567276913232,-0.4603444275336754
VmPFC,beta2,ESS1->LSS1,-0.4462044001437019,-0.49684594174036584,-0.2669119541652488
VmPFC,beta2,TS->ESS1,-1.4785968180370037,-1.2267181681858181,-0.5987240323425655
VmPFC,beta2,WS->ESS1,-1.9962131785928592,-1.7065281139208883,-1.0907200163432147
VmPFC,beta2,WS->LSS1,-2.3772529715798747,-1.9044493403867724,-1.136817748776908
VmPFC,beta2,WS->TS,-1.344471764929947,-0.9093725814259941,-0.6926713360338301
VmPFC,beta3,ESS1->LSS1,-0.6815736977721303,-0.6151347758658072,-0.5280267425850126
VmPFC,beta3,TS->ESS1,-1.0405515349993855,-0.9433041213251238,0.2391816591459615
VmPFC,beta3,WS->ESS1,-1.2105038806791077,-1.1369468907776872,0.15189941901172702
VmPFC,beta3,WS->LSS1,-1.8575807932652024,-1.43791910380099,-0.10830823748690929
VmPFC,beta3,WS->TS,-0.4041274694120927,-0.4277086672514373,0.009533999807432655
VmPFC,delta,ESS1->LSS1,1.4823534390972624,0.7359827031025109,0.5283206572067449
VmPFC,delta,TS->ESS1,0.539822830639602,0.17705955388006314,0.821369920559178
VmPFC,delta,WS->ESS1,0.08146936649932413,0.0571431854740084,0.545599775617517
VmPFC,delta,WS->LSS1,1.1714467523570824,0.8035940447402855,0.8784109533941377
VmPFC,delta,WS->TS,-0.3338137886521235,-0.10649720428652965,-0.022165770428239476
VmPFC,theta,ESS1->LSS1,1.4274936449973423,0.7109507555972561,0.5846580935457477
VmPFC,theta,TS->ESS1,0.4720437972291846,0.09914937763365007,0.34109411953183294
VmPFC,theta,WS->ESS1,0.42535202779047504,0.10688258379270485,0.5511148780374033
VmPFC,theta,WS->LSS1,1.3564723601558446,0.7759938672260412,0.974436686433148
VmPFC,theta,WS->TS,0.14934601086535587,0.04376130612386992,0.3243329775174071
