roi,method,band,contrast,n,dz,p,stars,mean_delta
FC_midline,Residual,delta,WS->TS,61,0.14819674422650223,0.2516741443490685,ns,0.022505250792654297
FC_midline,Residual,delta,TS->ESS1,61,1.0977810191146187,5.175680788815172e-12,***,0.14422022142872454
FC_midline,Residual,delta,ESS1->LSS1,61,0.7034259493626961,8.443204320214268e-07,***,0.12167072848707754
FC_midline,Residual,delta,WS->ESS1,61,0.9323024909827141,8.272404112143601e-10,***,0.16672547222137885
FC_midline,Residual,delta,WS->LSS1,61,1.321276404179295,6.411530920147993e-15,***,0.2883962007084564
FC_midline,Residual,theta,WS->TS,61,0.2776537398083463,0.034092376274071384,*,0.046887467804425355
FC_midline,Residual,theta,TS->ESS1,61,0.5006832687029602,0.00023721503955353933,***,0.08558789559055599
FC_midline,Residual,theta,ESS1->LSS1,61,0.4741205489729613,0.00046557831718644635,***,0.07309112613862032
FC_midline,Residual,theta,WS->ESS1,61,0.6168596675657773,1.0251082295664299e-05,***,0.13247536339498128
FC_midline,Residual,theta,WS->LSS1,61,0.9792338125684186,1.9552669953503604e-10,***,0.20556648953360168
FC_midline,Residual,alpha1,WS->TS,61,-0.7645089665780769,1.3735601852066995e-07,***,-0.1926888792766288
FC_midline,Residual,alpha1,TS->ESS1,61,-2.136970188562864,3.215043211438501e-24,***,-0.7039380697250825
FC_midline,Residual,alpha1,ESS1->LSS1,61,-0.7184824346446254,5.415256178810198e-07,***,-0.12820228330549696
FC_midline,Residual,alpha1,WS->ESS1,61,-2.5930522031734986,1.647685425224212e-28,***,-0.8966269490017115
FC_midline,Residual,alpha1,WS->LSS1,61,-2.803364931416972,2.6499431912614397e-30,***,-1.0248292323072081
FC_midline,Residual,alpha2,WS->TS,61,-0.26962242055386515,0.03941336657400825,*,-0.07257932878084884
FC_midline,Residual,alpha2,TS->ESS1,61,-2.088610514738915,9.946231744791004e-24,***,-0.6874162529200457
FC_midline,Residual,alpha2,ESS1->LSS1,61,-0.6022316355006272,1.545376883654778e-05,***,-0.1279707045004172
FC_midline,Residual,alpha2,WS->ESS1,61,-2.149933123913644,2.381997995776242e-24,***,-0.7599955817008947
FC_midline,Residual,alpha2,WS->LSS1,61,-2.229294575116573,3.89644862777114e-25,***,-0.8879662862013118
FC_midline,Residual,beta1,WS->TS,61,-0.4228031951071693,0.0016195498728039021,**,-0.07122442508933537
FC_midline,Residual,beta1,TS->ESS1,61,-0.2700482140858783,0.0391140980712281,*,-0.03524194563905349
FC_midline,Residual,beta1,ESS1->LSS1,61,0.5982156597281639,1.7285681174703226e-05,***,0.10388742836229145
FC_midline,Residual,beta1,WS->ESS1,61,-0.5128541353509779,0.00017310921140343543,***,-0.10646637072838887
FC_midline,Residual,beta1,WS->LSS1,61,-0.01035303255500989,0.9358225931251414,ns,-0.0025789423660974014
FC_midline,Residual,beta2,WS->TS,61,-0.6954479019554689,1.067237431045499e-06,***,-0.09922329500385188
FC_midline,Residual,beta2,TS->ESS1,61,-0.8163383250666383,2.871657994311245e-08,***,-0.13364220626333087
FC_midline,Residual,beta2,ESS1->LSS1,61,-0.2627688633443571,0.04451162033600673,*,-0.023643730901311243
FC_midline,Residual,beta2,WS->ESS1,61,-1.3009221824073474,1.165731538162157e-14,***,-0.23286550126718275
FC_midline,Residual,beta2,WS->LSS1,61,-1.4191601977792996,3.7617425435139997e-16,***,-0.25650923216849403
FC_midline,Residual,beta3,WS->TS,61,0.14186609420557136,0.2722796360472568,ns,0.020747747724303087
FC_midline,Residual,beta3,TS->ESS1,61,-0.0009780515726904612,0.9939304993238236,ns,-0.00010737607812497154
FC_midline,Residual,beta3,ESS1->LSS1,61,-0.591581886421474,2.0785999955202146e-05,***,-0.0500628202113136
FC_midline,Residual,beta3,WS->ESS1,61,0.13662259044784497,0.2902210733692492,ns,0.02064037164617812
FC_midline,Residual,beta3,WS->LSS1,61,-0.16027136539183912,0.21551565157431601,ns,-0.029422448565135473
FC_midline,IRASA,delta,WS->TS,61,-0.03361358836926589,0.7938117858805028,ns,-0.01377160839314815
FC_midline,IRASA,delta,TS->ESS1,61,0.2732671698021038,0.03691499430688768,*,0.10974363361270612
FC_midline,IRASA,delta,ESS1->LSS1,61,0.8321774686739578,1.7741261928598273e-08,***,0.37021598695123586
FC_midline,IRASA,delta,WS->ESS1,61,0.21635666401079953,0.0962564094031069,ns,0.095972025219558
FC_midline,IRASA,delta,WS->LSS1,61,1.0160197717899333,6.316832736102678e-11,***,0.466188012170794
FC_midline,IRASA,theta,WS->TS,61,-0.1472196366751566,0.25477967521337735,ns,-0.038427574048319146
FC_midline,IRASA,theta,TS->ESS1,61,0.317406054061782,0.016002301640681952,*,0.08368146538325116
FC_midline,IRASA,theta,ESS1->LSS1,61,0.6694706552261248,2.276251157338341e-06,***,0.2730611541298298
FC_midline,IRASA,theta,WS->ESS1,61,0.1457390882971199,0.2595371889567226,ns,0.04525389133493204
FC_midline,IRASA,theta,WS->LSS1,61,0.7763955026790924,9.609177671745557e-08,***,0.3183150454647618
FC_midline,IRASA,alpha1,WS->TS,61,-0.7620361196973314,1.4793329834345288e-07,***,-0.2738403972175088
FC_midline,IRASA,alpha1,TS->ESS1,61,-1.7381661526996244,5.985896714104193e-20,***,-0.6516440536255241
FC_midline,IRASA,alpha1,ESS1->LSS1,61,-0.2262538900953747,0.08229709803448453,ns,-0.058582617990495536
FC_midline,IRASA,alpha1,WS->ESS1,61,-1.8404070517699094,4.2904581672488784e-21,***,-0.925484450843033
FC_midline,IRASA,alpha1,WS->LSS1,61,-1.8316951717876289,5.3538235830529765e-21,***,-0.9840670688335285
FC_midline,IRASA,alpha2,WS->TS,61,-0.5304876953583663,0.00010897004926660061,***,-0.19403797890089677
FC_midline,IRASA,alpha2,TS->ESS1,61,-1.474493397315038,7.804540517152603e-17,***,-0.6576808027046418
FC_midline,IRASA,alpha2,ESS1->LSS1,61,-0.1914828302241009,0.14001807274380632,ns,-0.057398249963862294
FC_midline,IRASA,alpha2,WS->ESS1,61,-1.9084768935734948,7.760241280804316e-22,***,-0.8517187816055387
FC_midline,IRASA,alpha2,WS->LSS1,61,-1.8915344007880854,1.183793535472673e-21,***,-0.9091170315694008
FC_midline,IRASA,beta1,WS->TS,61,-0.7051948775289519,8.014981896890152e-07,***,-0.1866209518225938
FC_midline,IRASA,beta1,TS->ESS1,61,-0.692120342568592,1.1765341118229057e-06,***,-0.13366769495209543
FC_midline,IRASA,beta1,ESS1->LSS1,61,0.5391867050350622,8.649262975999503e-05,***,0.1297275825978625
FC_midline,IRASA,beta1,WS->ESS1,61,-0.965365816739993,2.994455615083114e-10,***,-0.32028864677468927
FC_midline,IRASA,beta1,WS->LSS1,61,-0.544783616800277,7.447929804953242e-05,***,-0.1905610641768268
FC_midline,IRASA,beta2,WS->TS,61,-1.1979505119868763,2.494321577241762e-13,***,-0.23841214256349202
FC_midline,IRASA,beta2,TS->ESS1,61,-1.2815560519927538,2.0639568260320066e-14,***,-0.2842471521845572
FC_midline,IRASA,beta2,ESS1->LSS1,61,-0.28120882348484283,0.031945358932516606,*,-0.05557803782672524
FC_midline,IRASA,beta2,WS->ESS1,61,-2.0162747700323393,5.558850077405828e-23,***,-0.5226592947480493
FC_midline,IRASA,beta2,WS->LSS1,61,-2.1826082822809783,1.1243774150230853e-24,***,-0.5782373325747745
FC_midline,IRASA,beta3,WS->TS,61,-0.39471535072554736,0.003096167204304761,**,-0.07643194858255224
FC_midline,IRASA,beta3,TS->ESS1,61,-1.0557042040908629,1.8715020758904684e-11,***,-0.19577528667900151
FC_midline,IRASA,beta3,ESS1->LSS1,61,-0.525132985715254,0.00012551252215771758,***,-0.10374406517346077
FC_midline,IRASA,beta3,WS->ESS1,61,-1.189783732088591,3.1883802595408837e-13,***,-0.27220723526155377
FC_midline,IRASA,beta3,WS->LSS1,61,-1.5233743134861295,1.98252402173884e-17,***,-0.37595130043501457
FC_midline,Hilbert,delta,WS->TS,61,-0.39263527830089157,0.0032450317817862167,**,-0.07404716142330527
FC_midline,Hilbert,delta,TS->ESS1,61,0.6585863166505982,3.118163923752827e-06,***,0.09694255833634424
FC_midline,Hilbert,delta,ESS1->LSS1,61,1.5924716704333344,2.9477849080691975e-18,***,0.3616931950149475
FC_midline,Hilbert,delta,WS->ESS1,61,0.10032450594619872,0.43638088558210314,ns,0.02289539691303899
FC_midline,Hilbert,delta,WS->LSS1,61,1.3052295662454827,1.0269675833359801e-14,***,0.38458859192798656
FC_midline,Hilbert,theta,WS->TS,61,0.16273047480290428,0.2086464424196762,ns,0.021853169680398073
FC_midline,Hilbert,theta,TS->ESS1,61,0.6365771396387183,5.861385645534596e-06,***,0.09252014589141316
FC_midline,Hilbert,theta,ESS1->LSS1,61,1.408958971224295,5.039368297395279e-16,***,0.3011666597719657
FC_midline,Hilbert,theta,WS->ESS1,61,0.5577492375786814,5.2534312458935254e-05,***,0.11437331557181124
FC_midline,Hilbert,theta,WS->LSS1,61,1.474754569797652,7.7472353652649e-17,***,0.41553997534377685
FC_midline,Hilbert,alpha1,WS->TS,61,-1.1802301835628588,4.250881303963196e-13,***,-0.24937538468733803
FC_midline,Hilbert,alpha1,TS->ESS1,61,-2.0168370238544813,5.484183874096705e-23,***,-0.5440342962585634
FC_midline,Hilbert,alpha1,ESS1->LSS1,61,-0.07328560885940444,0.5692038980086065,ns,-0.013406565217142102
FC_midline,Hilbert,alpha1,WS->ESS1,61,-2.414792773364965,6.679116914105549e-27,***,-0.7934096809459013
FC_midline,Hilbert,alpha1,WS->LSS1,61,-2.2477071485135878,2.575959756497512e-25,***,-0.8068162461630435
FC_midline,Hilbert,alpha2,WS->TS,61,-0.6877491823891038,1.337023072496986e-06,***,-0.17351998775110708
FC_midline,Hilbert,alpha2,TS->ESS1,61,-1.9954527712550227,9.187407346472723e-23,***,-0.6338138071896195
FC_midline,Hilbert,alpha2,ESS1->LSS1,61,-0.24702155681487067,0.058426768501124486,ns,-0.0462534392987813
FC_midline,Hilbert,alpha2,WS->ESS1,61,-2.172225417564428,1.4261317374945999e-24,***,-0.8073337949407267
FC_midline,Hilbert,alpha2,WS->LSS1,61,-2.3059862331307395,7.056843178963115e-26,***,-0.8535872342395079
FC_midline,Hilbert,beta1,WS->TS,61,-1.055758347094933,1.8684030982258806e-11,***,-0.12790269631925455
FC_midline,Hilbert,beta1,TS->ESS1,61,-1.1704359372084736,5.711345689266094e-13,***,-0.13615985358581897
FC_midline,Hilbert,beta1,ESS1->LSS1,61,0.6866151338173042,1.3820696223820443e-06,***,0.11280424537069425
FC_midline,Hilbert,beta1,WS->ESS1,61,-1.6897371907999366,2.1461921501121182e-19,***,-0.2640625499050735
FC_midline,Hilbert,beta1,WS->LSS1,61,-0.7206191959448502,5.08344792022034e-07,***,-0.15125830453437927
FC_midline,Hilbert,beta2,WS->TS,61,-1.4836342879661633,6.03199036139977e-17,***,-0.20457821864791614
FC_midline,Hilbert,beta2,TS->ESS1,61,-1.4799061458158074,6.699788892169027e-17,***,-0.27597818607837177
FC_midline,Hilbert,beta2,ESS1->LSS1,61,-0.395463717667621,0.003044188077374607,**,-0.0599400198073268
FC_midline,Hilbert,beta2,WS->ESS1,61,-2.1168569660229735,5.132136029782445e-24,***,-0.48055640472628786
FC_midline,Hilbert,beta2,WS->LSS1,61,-2.714960272271601,1.4593944768773885e-29,***,-0.5404964245336147
FC_midline,Hilbert,beta3,WS->TS,61,-0.52067871381788,0.00014109835224684886,***,-0.0724436430189756
FC_midline,Hilbert,beta3,TS->ESS1,61,-1.0899000869622653,6.5816932463960095e-12,***,-0.13324913916615594
FC_midline,Hilbert,beta3,ESS1->LSS1,61,-0.670289669703604,2.222833126256681e-06,***,-0.10750103694199271
FC_midline,Hilbert,beta3,WS->ESS1,61,-1.3779505245472103,1.2312850966485176e-15,***,-0.20569278218513154
FC_midline,Hilbert,beta3,WS->LSS1,61,-1.963452420934943,2.0011196860562247e-22,***,-0.3131938191271243
L_DLPFC,Residual,delta,WS->TS,61,-0.0457645401919183,0.7220222886953065,ns,-0.008154905494190455
L_DLPFC,Residual,delta,TS->ESS1,61,0.6712203745031027,2.1636266608074393e-06,***,0.10219373863342125
L_DLPFC,Residual,delta,ESS1->LSS1,61,0.6375025233683448,5.708734835587146e-06,***,0.10830523358436693
L_DLPFC,Residual,delta,WS->ESS1,61,0.4458710322719187,0.0009336782147892161,***,0.09403883313923081
L_DLPFC,Residual,delta,WS->LSS1,61,0.9423742073414025,6.07046257114155e-10,***,0.20234406672359773
L_DLPFC,Residual,theta,WS->TS,61,0.3194763707974344,0.015357893468376618,*,0.05866491762368501
L_DLPFC,Residual,theta,TS->ESS1,61,0.3020302111077725,0.021601372191431704,*,0.05528699201991059
L_DLPFC,Residual,theta,ESS1->LSS1,61,0.38107693681357124,0.004201334144706417,**,0.05857025564551403
L_DLPFC,Residual,theta,WS->ESS1,61,0.5429044787908304,7.832022127655904e-05,***,0.11395190964359561
L_DLPFC,Residual,theta,WS->LSS1,61,0.8320349475800164,1.7818407860781826e-08,***,0.17252216528910969
L_DLPFC,Residual,alpha1,WS->TS,61,-0.8500363456604152,1.0292907753005289e-08,***,-0.19713973934611048
L_DLPFC,Residual,alpha1,TS->ESS1,61,-2.0293658541219988,4.059811367000868e-23,***,-0.5808697160581149
L_DLPFC,Residual,alpha1,ESS1->LSS1,61,-0.6115430184237474,1.1905528769743017e-05,***,-0.1103528544068519
L_DLPFC,Residual,alpha1,WS->ESS1,61,-2.7604274277046255,6.036783195017579e-30,***,-0.7780094554042253
L_DLPFC,Residual,alpha1,WS->LSS1,61,-2.8168004206550297,2.0522404102269167e-30,***,-0.888362309811077
L_DLPFC,Residual,alpha2,WS->TS,61,-0.3840046885939728,0.003936967635262822,**,-0.09432813898503692
L_DLPFC,Residual,alpha2,TS->ESS1,61,-1.7807132856860781,1.9792911056685205e-20,***,-0.5299474351159261
L_DLPFC,Residual,alpha2,ESS1->LSS1,61,-0.3238132674829168,0.014083313167714853,*,-0.06495405612482681
L_DLPFC,Residual,alpha2,WS->ESS1,61,-1.9049616121450892,8.469344159431603e-22,***,-0.6242755741009631
L_DLPFC,Residual,alpha2,WS->LSS1,61,-1.9710276608874038,1.663189516845494e-22,***,-0.6892296302257899
L_DLPFC,Residual,beta1,WS->TS,61,-0.21905337892385693,0.09227274219493421,ns,-0.03555215900454337
L_DLPFC,Residual,beta1,TS->ESS1,61,-0.05432134995806563,0.6728911682757684,ns,-0.00711806584277056
L_DLPFC,Residual,beta1,ESS1->LSS1,61,0.40670220115006134,0.002355487277749727,**,0.06457730066082465
L_DLPFC,Residual,beta1,WS->ESS1,61,-0.21219039948852314,0.10268731253376076,ns,-0.04267022484731391
L_DLPFC,Residual,beta1,WS->LSS1,61,0.09383674534400617,0.4664801819737175,ns,0.02190707581351071
L_DLPFC,Residual,beta2,WS->TS,61,-0.7539370596695386,1.8855249097952882e-07,***,-0.10734217185308881
L_DLPFC,Residual,beta2,TS->ESS1,61,-0.6641629169903022,2.654365603887924e-06,***,-0.08478433825196366
L_DLPFC,Residual,beta2,ESS1->LSS1,61,-0.1337477964626132,0.30039659348195796,ns,-0.013060555586142265
L_DLPFC,Residual,beta2,WS->ESS1,61,-1.2707139603718731,2.8447485241005905e-14,***,-0.19212651010505247
L_DLPFC,Residual,beta2,WS->LSS1,61,-1.2642834501250388,3.442204985912852e-14,***,-0.20518706569119471
L_DLPFC,Residual,beta3,WS->TS,61,0.17957291891455832,0.16591632149304558,ns,0.025095263595391618
L_DLPFC,Residual,beta3,TS->ESS1,61,-0.09621000214290167,0.45533479678916483,ns,-0.01042752093807317
L_DLPFC,Residual,beta3,ESS1->LSS1,61,-0.4172966499802211,0.0018426259658706685,**,-0.03176199970688235
L_DLPFC,Residual,beta3,WS->ESS1,61,0.10826398905741812,0.401152862947867,ns,0.01466774265731845
L_DLPFC,Residual,beta3,WS->LSS1,61,-0.10990446817680471,0.39409811951805535,ns,-0.017094257049563903
L_DLPFC,IRASA,delta,WS->TS,61,-0.14970386329704213,0.24693731292892096,ns,-0.061688070718700715
L_DLPFC,IRASA,delta,TS->ESS1,61,0.29879598682772684,0.022981209672679425,*,0.10538293154334194
L_DLPFC,IRASA,delta,ESS1->LSS1,61,0.6951584258528959,1.076333739779762e-06,***,0.3050846522813165
L_DLPFC,IRASA,delta,WS->ESS1,61,0.09461896216871486,0.4627896493448294,ns,0.04369486082464123
L_DLPFC,IRASA,delta,WS->LSS1,61,0.7566118088128113,1.7404488062592872e-07,***,0.34877951310595773
L_DLPFC,IRASA,theta,WS->TS,61,-0.07732182722502204,0.5481848706387159,ns,-0.01922602635232284
L_DLPFC,IRASA,theta,TS->ESS1,61,0.26762615945868135,0.04084315321634679,*,0.06372860928213431
L_DLPFC,IRASA,theta,ESS1->LSS1,61,0.6000039159431169,1.644516058297617e-05,***,0.2335336122819659
L_DLPFC,IRASA,theta,WS->ESS1,61,0.1328169364206616,0.3037430772326067,ns,0.04450258292981147
L_DLPFC,IRASA,theta,WS->LSS1,61,0.681157202720453,1.620662234720004e-06,***,0.2780361952117773
L_DLPFC,IRASA,alpha1,WS->TS,61,-1.0554282437321134,1.887377457618552e-11,***,-0.3236833053713409
L_DLPFC,IRASA,alpha1,TS->ESS1,61,-1.6453712813535653,7.0256039117532e-19,***,-0.576790750197065
L_DLPFC,IRASA,alpha1,ESS1->LSS1,61,-0.16617369860305534,0.1993034651739396,ns,-0.045881094720088576
L_DLPFC,IRASA,alpha1,WS->ESS1,61,-2.475331661999014,1.8587439298045432e-27,***,-0.9004740555684058
L_DLPFC,IRASA,alpha1,WS->LSS1,61,-2.3714117978302305,1.6941727521563015e-26,***,-0.9463551502884945
L_DLPFC,IRASA,alpha2,WS->TS,61,-0.5211924222810251,0.00013920974649429398,***,-0.19442702989425123
L_DLPFC,IRASA,alpha2,TS->ESS1,61,-1.4055721682547335,5.554022954397094e-16,***,-0.5839453833651854
L_DLPFC,IRASA,alpha2,ESS1->LSS1,61,-0.0002347062746574974,0.9985434682521392,ns,-7.270217524275845e-05
L_DLPFC,IRASA,alpha2,WS->ESS1,61,-1.7420547164368787,5.406902550508883e-20,***,-0.7783724132594367
L_DLPFC,IRASA,alpha2,WS->LSS1,61,-1.6971149413584123,1.7647137176596437e-19,***,-0.7784451154346794
L_DLPFC,IRASA,beta1,WS->TS,61,-0.7260260720441494,4.3309130262147997e-07,***,-0.18395308981455336
L_DLPFC,IRASA,beta1,TS->ESS1,61,-0.4291933239840034,0.0013926487475858487,**,-0.08103858585393478
L_DLPFC,IRASA,beta1,ESS1->LSS1,61,0.2950240556088314,0.024689148964946332,*,0.06668012692170708
L_DLPFC,IRASA,beta1,WS->ESS1,61,-0.9359191933910168,7.402351814961576e-10,***,-0.26499167566848814
L_DLPFC,IRASA,beta1,WS->LSS1,61,-0.6605621209332619,2.9453804699120368e-06,***,-0.19831154874678103
L_DLPFC,IRASA,beta2,WS->TS,61,-0.968581894700757,2.7126069981920553e-10,***,-0.2138202172548314
L_DLPFC,IRASA,beta2,TS->ESS1,61,-1.3355302735913104,4.2251625591894254e-15,***,-0.24305099409312309
L_DLPFC,IRASA,beta2,ESS1->LSS1,61,-0.25146662141187043,0.054165905091806896,ns,-0.05593483788600664
L_DLPFC,IRASA,beta2,WS->ESS1,61,-1.7167674820661374,1.0499611133559509e-19,***,-0.45687121134795444
L_DLPFC,IRASA,beta2,WS->LSS1,61,-1.8415695366778255,4.165734346733639e-21,***,-0.5128060492339612
L_DLPFC,IRASA,beta3,WS->TS,61,-0.31201210841663285,0.01779715963498247,*,-0.058696435962092564
L_DLPFC,IRASA,beta3,TS->ESS1,61,-1.0312550811980499,3.958298189987148e-11,***,-0.17225862541216255
L_DLPFC,IRASA,beta3,ESS1->LSS1,61,-0.5706965910185857,3.6942129479631775e-05,***,-0.12943393838941777
L_DLPFC,IRASA,beta3,WS->ESS1,61,-1.1642517984130862,6.883756607934303e-13,***,-0.23095506137425517
L_DLPFC,IRASA,beta3,WS->LSS1,61,-1.4051123475042393,5.627871037236702e-16,***,-0.3603889997636729
L_DLPFC,Hilbert,delta,WS->TS,61,-0.3807790382950367,0.00422913919620261,**,-0.08269976698103393
L_DLPFC,Hilbert,delta,TS->ESS1,61,0.5924865954326837,2.0270756842834373e-05,***,0.09970333409382212
L_DLPFC,Hilbert,delta,ESS1->LSS1,61,1.56424525286096,6.392759064041571e-18,***,0.3478084531248956
L_DLPFC,Hilbert,delta,WS->ESS1,61,0.07256063242567222,0.5730206915646266,ns,0.017003567112788172
L_DLPFC,Hilbert,delta,WS->LSS1,61,1.2695562122751005,2.944027357308328e-14,***,0.3648120202376839
L_DLPFC,Hilbert,theta,WS->TS,61,0.18609574049448113,0.1513083690770765,ns,0.024643095416308256
L_DLPFC,Hilbert,theta,TS->ESS1,61,0.4971462872119292,0.00025977662119252014,***,0.07540802336953567
L_DLPFC,Hilbert,theta,ESS1->LSS1,61,1.3767066111597785,1.2763923340433387e-15,***,0.28014553372125306
L_DLPFC,Hilbert,theta,WS->ESS1,61,0.4716617278259813,0.0004950911317884496,***,0.10005111878584393
L_DLPFC,Hilbert,theta,WS->LSS1,61,1.351102067204018,2.6832084755507964e-15,***,0.38019665250709694
L_DLPFC,Hilbert,alpha1,WS->TS,61,-1.286459111507942,1.7856238210151906e-14,***,-0.23628137846238137
L_DLPFC,Hilbert,alpha1,TS->ESS1,61,-1.796342318661165,1.3228168460186043e-20,***,-0.5096588567684814
L_DLPFC,Hilbert,alpha1,ESS1->LSS1,61,-0.046216939083995476,0.7193928487745648,ns,-0.007872005236763834
L_DLPFC,Hilbert,alpha1,WS->ESS1,61,-2.489857226173236,1.3721551069932266e-27,***,-0.7459402352308628
L_DLPFC,Hilbert,alpha1,WS->LSS1,61,-2.3953739684287356,1.011637601242691e-26,***,-0.7538122404676266
L_DLPFC,Hilbert,alpha2,WS->TS,61,-0.7294986870356573,3.906819572900729e-07,***,-0.16824537354621139
L_DLPFC,Hilbert,alpha2,TS->ESS1,61,-1.9529714831874294,2.586578063068668e-22,***,-0.5188261583581534
L_DLPFC,Hilbert,alpha2,ESS1->LSS1,61,-0.13021209795503105,0.31324210947074477,ns,-0.022087984162944087
L_DLPFC,Hilbert,alpha2,WS->ESS1,61,-1.946755339772271,3.0129798565085625e-22,***,-0.6870715319043647
L_DLPFC,Hilbert,alpha2,WS->LSS1,61,-2.0683100144085755,1.6059112352614742e-23,***,-0.7091595160673089
L_DLPFC,Hilbert,beta1,WS->TS,61,-0.894208465771787,2.6638402275906993e-09,***,-0.10566143360064024
L_DLPFC,Hilbert,beta1,TS->ESS1,61,-1.1357132772920313,1.6330915707448415e-12,***,-0.10857400392719069
L_DLPFC,Hilbert,beta1,ESS1->LSS1,61,0.4895832525051678,0.00031513855712661824,***,0.07173442343417641
L_DLPFC,Hilbert,beta1,WS->ESS1,61,-1.4557286209563087,1.3270351518788372e-16,***,-0.21423543752783086
L_DLPFC,Hilbert,beta1,WS->LSS1,61,-0.727734032096722,4.1169288278078944e-07,***,-0.1425010140936545
L_DLPFC,Hilbert,beta2,WS->TS,61,-1.3649669057682474,1.793430561722403e-15,***,-0.192362877344266
L_DLPFC,Hilbert,beta2,TS->ESS1,61,-1.6142472402649422,1.629197079996894e-18,***,-0.2384722017686743
L_DLPFC,Hilbert,beta2,ESS1->LSS1,61,-0.3915260689463054,0.003327121483364057,**,-0.06401770860528072
L_DLPFC,Hilbert,beta2,WS->ESS1,61,-2.1618554578835982,1.8096945116213485e-24,***,-0.4308350791129402
L_DLPFC,Hilbert,beta2,WS->LSS1,61,-2.5747004685516446,2.390911963065447e-28,***,-0.49485278771822094
L_DLPFC,Hilbert,beta3,WS->TS,61,-0.45559783425250977,0.0007366535489087109,***,-0.06081596514972144
L_DLPFC,Hilbert,beta3,TS->ESS1,61,-1.220418803635487,1.2717919777051153e-13,***,-0.1305691810075279
L_DLPFC,Hilbert,beta3,ESS1->LSS1,61,-0.6917842380344671,1.1881690813174913e-06,***,-0.11990746229925256
L_DLPFC,Hilbert,beta3,WS->ESS1,61,-1.3894115514572734,8.843244479224566e-16,***,-0.1913851461572493
L_DLPFC,Hilbert,beta3,WS->LSS1,61,-1.8393046219508402,4.412229233961633e-21,***,-0.3112926084565019
R_DLPFC,Residual,delta,WS->TS,61,0.13095958042364733,0.31049598255444744,ns,0.021165296620744126
R_DLPFC,Residual,delta,TS->ESS1,61,1.0641669434119112,1.44455557783836e-11,***,0.15424487182687016
R_DLPFC,Residual,delta,ESS1->LSS1,61,0.5995894486375657,1.663634249338282e-05,***,0.11598914307179926
R_DLPFC,Residual,delta,WS->ESS1,61,0.8490663431897221,1.0602201309727241e-08,***,0.1754101684476143
R_DLPFC,Residual,delta,WS->LSS1,61,1.271371635820789,2.7898603288363073e-14,***,0.2913993115194136
R_DLPFC,Residual,theta,WS->TS,61,0.3392394222438527,0.010288280864932215,*,0.05479897197367113
R_DLPFC,Residual,theta,TS->ESS1,61,0.44746556193098647,0.0008982674242842116,***,0.0784213749245244
R_DLPFC,Residual,theta,ESS1->LSS1,61,0.6436854836827185,4.784307279454591e-06,***,0.10565611968694841
R_DLPFC,Residual,theta,WS->ESS1,61,0.6354055625489271,6.060400760180443e-06,***,0.13322034689819554
R_DLPFC,Residual,theta,WS->LSS1,61,1.0843767907392787,7.79002106562685e-12,***,0.23887646658514394
R_DLPFC,Residual,alpha1,WS->TS,61,-0.8668017218519531,6.166729621553749e-09,***,-0.20916415270585928
R_DLPFC,Residual,alpha1,TS->ESS1,61,-2.1873002185038115,1.0100951638085116e-24,***,-0.6688000684937947
R_DLPFC,Residual,alpha1,ESS1->LSS1,61,-0.576084491326385,3.1874811223199895e-05,***,-0.09357100159812373
R_DLPFC,Residual,alpha1,WS->ESS1,61,-2.574412188238769,2.4049738636671815e-28,***,-0.877964221199654
R_DLPFC,Residual,alpha1,WS->LSS1,61,-2.8339907540080818,1.4818340311171883e-30,***,-0.9715352227977777
R_DLPFC,Residual,alpha2,WS->TS,61,-0.4307352464346716,0.0013425843128764994,**,-0.10190224038759066
R_DLPFC,Residual,alpha2,TS->ESS1,61,-1.9780064519792466,1.403137609100203e-22,***,-0.6475313196743367
R_DLPFC,Residual,alpha2,ESS1->LSS1,61,-0.3934087269282861,0.003188914376124955,**,-0.07265418113072947
R_DLPFC,Residual,alpha2,WS->ESS1,61,-2.179315573458305,1.2123264488968698e-24,***,-0.7494335600619274
R_DLPFC,Residual,alpha2,WS->LSS1,61,-2.233774674149344,3.5224530606331576e-25,***,-0.822087741192657
R_DLPFC,Residual,beta1,WS->TS,61,-0.5092271684086692,0.00019022221970106337,***,-0.07896534696892056
R_DLPFC,Residual,beta1,TS->ESS1,61,-0.25431963015343784,0.051573513074830026,ns,-0.03414391132631046
R_DLPFC,Residual,beta1,ESS1->LSS1,61,0.5095243683002953,0.00018876078149409215,***,0.08662662961417046
R_DLPFC,Residual,beta1,WS->ESS1,61,-0.5659801934052962,4.2014711130322225e-05,***,-0.11310925829523102
R_DLPFC,Residual,beta1,WS->LSS1,61,-0.10981507924067878,0.39448053536348726,ns,-0.026482628681060584
R_DLPFC,Residual,beta2,WS->TS,61,-0.7159388168492248,5.838226076574352e-07,***,-0.10468166212578241
R_DLPFC,Residual,beta2,TS->ESS1,61,-0.6913773647239528,1.2024057055863547e-06,***,-0.10055352212301534
R_DLPFC,Residual,beta2,ESS1->LSS1,61,-0.127066233919345,0.324978688097401,ns,-0.013206218897283895
R_DLPFC,Residual,beta2,WS->ESS1,61,-1.0734967592678137,1.086066691348121e-11,***,-0.20523518424879772
R_DLPFC,Residual,beta2,WS->LSS1,61,-1.1437592717434268,1.2796002769876426e-12,***,-0.21844140314608163
R_DLPFC,Residual,beta3,WS->TS,61,0.10639956909084428,0.40926436423999524,ns,0.015096177798235015
R_DLPFC,Residual,beta3,TS->ESS1,61,0.35092084850993255,0.008063205826389372,**,0.04126025670390757
R_DLPFC,Residual,beta3,ESS1->LSS1,61,-0.5101584589945051,0.0001856787977647798,***,-0.04531070838409625
R_DLPFC,Residual,beta3,WS->ESS1,61,0.4088421202875128,0.002242162269260896,**,0.056356434502142595
R_DLPFC,Residual,beta3,WS->LSS1,61,0.06353811580543321,0.621532195861981,ns,0.011045726118046346
R_DLPFC,IRASA,delta,WS->TS,61,-0.15283577305816937,0.23729934350650522,ns,-0.06766456204484209
R_DLPFC,IRASA,delta,TS->ESS1,61,0.27872279961928,0.03343381713311669,*,0.11144493884286005
R_DLPFC,IRASA,delta,ESS1->LSS1,61,0.9559304228832038,4.0019514008235827e-10,***,0.4116563790056224
R_DLPFC,IRASA,delta,WS->ESS1,61,0.09425645417421938,0.46449789891254656,ns,0.04378037679801795
R_DLPFC,IRASA,delta,WS->LSS1,61,1.0000147461442384,1.0325666061042441e-10,***,0.45543675580364035
R_DLPFC,IRASA,theta,WS->TS,61,0.10868547600719287,0.39933291143595173,ns,0.03100950390073782
R_DLPFC,IRASA,theta,TS->ESS1,61,0.20714698043062615,0.11093636082804728,ns,0.052274059314628155
R_DLPFC,IRASA,theta,ESS1->LSS1,61,0.8679104431285966,5.961098915007118e-09,***,0.33205404360219964
R_DLPFC,IRASA,theta,WS->ESS1,61,0.231776268085302,0.07526836508599441,ns,0.083283563215366
R_DLPFC,IRASA,theta,WS->LSS1,61,0.9229357731624532,1.1030544554959028e-09,***,0.4153376068175657
R_DLPFC,IRASA,alpha1,WS->TS,61,-0.9549437319157583,4.1251818762719606e-10,***,-0.31404880132094926
R_DLPFC,IRASA,alpha1,TS->ESS1,61,-1.4373241973405277,2.239191525941717e-16,***,-0.5714978120414373
R_DLPFC,IRASA,alpha1,ESS1->LSS1,61,0.02747655180193965,0.8308078881243679,ns,0.007840555085364609
R_DLPFC,IRASA,alpha1,WS->ESS1,61,-1.9586860570625457,2.248606263116664e-22,***,-0.8855466133623868
R_DLPFC,IRASA,alpha1,WS->LSS1,61,-1.9990690314784079,8.417743649551953e-23,***,-0.8777060582770221
R_DLPFC,IRASA,alpha2,WS->TS,61,-0.4777274685342275,0.00042531098402881647,***,-0.17926672325776374
R_DLPFC,IRASA,alpha2,TS->ESS1,61,-1.4000520204700295,6.509046189122511e-16,***,-0.5947023008375042
R_DLPFC,IRASA,alpha2,ESS1->LSS1,61,0.11413230845078227,0.37627447882079534,ns,0.034943657739831206
R_DLPFC,IRASA,alpha2,WS->ESS1,61,-1.8510491006111907,3.276296414229893e-21,***,-0.7739690240952678
R_DLPFC,IRASA,alpha2,WS->LSS1,61,-1.8414835720661742,4.174830603234638e-21,***,-0.7390253663554366
R_DLPFC,IRASA,beta1,WS->TS,61,-0.746915015413455,2.3258831126167014e-07,***,-0.20013748549170277
R_DLPFC,IRASA,beta1,TS->ESS1,61,-0.392141446615076,0.0032813426022897164,**,-0.07224185197825779
R_DLPFC,IRASA,beta1,ESS1->LSS1,61,0.4749259667522853,0.00045628230004856755,***,0.10832365987541388
R_DLPFC,IRASA,beta1,WS->ESS1,61,-0.9565588992926505,3.925385146351252e-10,***,-0.2723793374699605
R_DLPFC,IRASA,beta1,WS->LSS1,61,-0.5045028036176514,0.00021496967286315367,***,-0.16405567759454673
R_DLPFC,IRASA,beta2,WS->TS,61,-0.8696736356656299,5.6480680217896725e-09,***,-0.18077670954174516
R_DLPFC,IRASA,beta2,TS->ESS1,61,-1.2454195765255394,6.030167973782004e-14,***,-0.22278134776742792
R_DLPFC,IRASA,beta2,ESS1->LSS1,61,-0.25141482395015335,0.054213983158711385,ns,-0.054133321254234916
R_DLPFC,IRASA,beta2,WS->ESS1,61,-1.6575740686153078,5.062466727870164e-19,***,-0.403558057309173
R_DLPFC,IRASA,beta2,WS->LSS1,61,-1.8126743876024831,8.699567269183983e-21,***,-0.45769137856340797
R_DLPFC,IRASA,beta3,WS->TS,61,-0.3419224669690596,0.009732588097778048,**,-0.06407781709678269
R_DLPFC,IRASA,beta3,TS->ESS1,61,-0.6416428690693496,5.072160011451985e-06,***,-0.1067149052799482
R_DLPFC,IRASA,beta3,ESS1->LSS1,61,-0.5939699577250952,1.9452811546649004e-05,***,-0.12155284334480936
R_DLPFC,IRASA,beta3,WS->ESS1,61,-0.8599624432461216,7.600973807642315e-09,***,-0.1707927223767309
R_DLPFC,IRASA,beta3,WS->LSS1,61,-1.2033766122078136,2.119325499360618e-13,***,-0.2923455657215402
R_DLPFC,Hilbert,delta,WS->TS,61,-0.34487253564802106,0.009153343403071069,**,-0.08068637531563519
R_DLPFC,Hilbert,delta,TS->ESS1,61,0.6433229315846896,4.8342020434149014e-06,***,0.1218919232840156
R_DLPFC,Hilbert,delta,ESS1->LSS1,61,1.6046848379480643,2.1128223059787727e-18,***,0.41054487755668956
R_DLPFC,Hilbert,delta,WS->ESS1,61,0.14747605380922124,0.25396207503226415,ns,0.041205547968380433
R_DLPFC,Hilbert,delta,WS->LSS1,61,1.2565321433945982,4.3329004023890217e-14,***,0.45175042552507
R_DLPFC,Hilbert,theta,WS->TS,61,0.22695757793514268,0.08137218024410578,ns,0.03204198207728198
R_DLPFC,Hilbert,theta,TS->ESS1,61,0.6049662733637462,1.4316372892117881e-05,***,0.11013825985667577
R_DLPFC,Hilbert,theta,ESS1->LSS1,61,1.4157423782911855,4.1485705592610366e-16,***,0.3496285671494779
R_DLPFC,Hilbert,theta,WS->ESS1,61,0.5513119553080942,6.250352099616646e-05,***,0.14218024193395776
R_DLPFC,Hilbert,theta,WS->LSS1,61,1.5330016856389241,1.5168207042727037e-17,***,0.49180880908343544
R_DLPFC,Hilbert,alpha1,WS->TS,61,-1.30874131925325,9.262330116070922e-15,***,-0.24218549808515072
R_DLPFC,Hilbert,alpha1,TS->ESS1,61,-1.7361509009586946,6.310243073267903e-20,***,-0.5139376501337843
R_DLPFC,Hilbert,alpha1,ESS1->LSS1,61,0.25909682481536966,0.04747093872141778,*,0.048258498401220026
R_DLPFC,Hilbert,alpha1,WS->ESS1,61,-2.3935190724951725,1.0526946759340872e-26,***,-0.7561231482189352
R_DLPFC,Hilbert,alpha1,WS->LSS1,61,-2.1753580469205693,1.3273158771443688e-24,***,-0.7078646498177149
R_DLPFC,Hilbert,alpha2,WS->TS,61,-0.8169100717253378,2.822234734558919e-08,***,-0.17186363787414435
R_DLPFC,Hilbert,alpha2,TS->ESS1,61,-1.9186510039532294,6.028329108076374e-22,***,-0.5270556635665546
R_DLPFC,Hilbert,alpha2,ESS1->LSS1,61,0.18781791916193263,0.14762414174249391,ns,0.027270762027883658
R_DLPFC,Hilbert,alpha2,WS->ESS1,61,-2.142093195817655,2.8552995888130676e-24,***,-0.6989193014406988
R_DLPFC,Hilbert,alpha2,WS->LSS1,61,-2.1338809071086096,3.453842773618181e-24,***,-0.6716485394128153
R_DLPFC,Hilbert,beta1,WS->TS,61,-0.9225882065011344,1.114892882443355e-09,***,-0.11170564451235329
R_DLPFC,Hilbert,beta1,TS->ESS1,61,-0.9055031683584183,1.883805513664562e-09,***,-0.09220532541204979
R_DLPFC,Hilbert,beta1,ESS1->LSS1,61,0.6868231163107185,1.3736976499034385e-06,***,0.10932583738023592
R_DLPFC,Hilbert,beta1,WS->ESS1,61,-1.3573894230611865,2.234801602650248e-15,***,-0.20391096992440308
R_DLPFC,Hilbert,beta1,WS->LSS1,61,-0.44962490253739285,0.0008523428684818615,***,-0.09458513254416713
R_DLPFC,Hilbert,beta2,WS->TS,61,-1.242255131662263,6.626202306432739e-14,***,-0.18857176355525285
R_DLPFC,Hilbert,beta2,TS->ESS1,61,-1.5297715291838068,1.6592634674070628e-17,***,-0.2111298862053733
R_DLPFC,Hilbert,beta2,ESS1->LSS1,61,-0.16828071350121834,0.19374283411110285,ns,-0.027803563412006786
R_DLPFC,Hilbert,beta2,WS->ESS1,61,-2.019813659518703,5.105482359764213e-23,***,-0.39970164976062605
R_DLPFC,Hilbert,beta2,WS->LSS1,61,-2.1873201083990335,1.0096366351919739e-24,***,-0.4275052131726329
R_DLPFC,Hilbert,beta3,WS->TS,61,-0.31367810584931627,0.017224377819205845,*,-0.04249972371927987
R_DLPFC,Hilbert,beta3,TS->ESS1,61,-0.6467784941967746,4.3786934333594455e-06,***,-0.07733692648292814
R_DLPFC,Hilbert,beta3,ESS1->LSS1,61,-0.7117058033255156,6.615591415215401e-07,***,-0.1098356803920072
R_DLPFC,Hilbert,beta3,WS->ESS1,61,-0.8311409313865258,1.8310003929077873e-08,***,-0.11983665020220798
R_DLPFC,Hilbert,beta3,WS->LSS1,61,-1.5286269299312716,1.7129179112670374e-17,***,-0.22967233059421518
VmPFC,Residual,delta,WS->TS,61,-0.022165770428239476,0.863139652869912,ns,-0.004124262852577972
VmPFC,Residual,delta,TS->ESS1,61,0.821369920559178,2.4646472720182944e-08,***,0.11530691292197717
VmPFC,Residual,delta,ESS1->LSS1,61,0.5283206572067449,0.00011539380628122241,***,0.08642208825392451
VmPFC,Residual,delta,WS->ESS1,61,0.545599775617517,7.286853502192133e-05,***,0.11118265006939919
VmPFC,Residual,delta,WS->LSS1,61,0.8784109533941377,4.322648079471016e-09,***,0.1976047383233237
VmPFC,Residual,theta,WS->TS,61,0.3243329775174071,0.013937175314449737,*,0.05183508063646999
VmPFC,Residual,theta,TS->ESS1,61,0.34109411953183294,0.00990115218551353,**,0.05651576112163141
VmPFC,Residual,theta,ESS1->LSS1,61,0.5846580935457477,2.5175282791573777e-05,***,0.0807559189991503
VmPFC,Residual,theta,WS->ESS1,61,0.5511148780374033,6.2836014786768e-05,***,0.10835084175810139
VmPFC,Residual,theta,WS->LSS1,61,0.974436686433148,2.2658708717486996e-10,***,0.18910676075725166
VmPFC,Residual,alpha1,WS->TS,61,-0.8884689748150885,3.1763221907076655e-09,***,-0.22468635277690174
VmPFC,Residual,alpha1,TS->ESS1,61,-2.071261417374089,1.497585945588576e-23,***,-0.6548583113976247
VmPFC,Residual,alpha1,ESS1->LSS1,61,-0.6505141165294208,3.933629329492223e-06,***,-0.11076837301154513
VmPFC,Residual,alpha1,WS->ESS1,61,-2.736531118706821,9.586938566752465e-30,***,-0.8795446641745264
VmPFC,Residual,alpha1,WS->LSS1,61,-2.9644197865611743,1.316022163949878e-31,***,-0.9903130371860717
VmPFC,Residual,alpha2,WS->TS,61,-0.34575990619624425,0.008985382416683823,**,-0.09001966553767839
VmPFC,Residual,alpha2,TS->ESS1,61,-1.9183987786534076,6.066131970932977e-22,***,-0.6156295196296412
VmPFC,Residual,alpha2,ESS1->LSS1,61,-0.3163694620340041,0.016334020727820923,*,-0.0563138316915886
VmPFC,Residual,alpha2,WS->ESS1,61,-1.9454689764810882,3.1097535798989727e-22,***,-0.7056491851673196
VmPFC,Residual,alpha2,WS->LSS1,61,-1.82798524832226,5.8842467483934465e-21,***,-0.761963016858908
VmPFC,Residual,beta1,WS->TS,61,-0.4603444275336754,0.0006555412205903966,***,-0.06769003227553913
VmPFC,Residual,beta1,TS->ESS1,61,-0.056404204704351896,0.6611357339965686,ns,-0.006423943564937049
VmPFC,Residual,beta1,ESS1->LSS1,61,0.42675653858911794,0.0014753811950172055,**,0.0563454621982298
VmPFC,Residual,beta1,WS->ESS1,61,-0.43544422384961107,0.001200016980630277,**,-0.07411397584047616
VmPFC,Residual,beta1,WS->LSS1,61,-0.09412074390836907,0.46513833175953445,ns,-0.017768513642246353
VmPFC,Residual,beta2,WS->TS,61,-0.6926713360338301,1.1577028392034831e-06,***,-0.10590964146138869
VmPFC,Residual,beta2,TS->ESS1,61,-0.5987240323425655,1.7042558185715714e-05,***,-0.08685978757007615
VmPFC,Residual,beta2,ESS1->LSS1,61,-0.2669119541652488,0.04136552530522244,*,-0.024152690547043398
VmPFC,Residual,beta2,WS->ESS1,61,-1.0907200163432147,6.419108747665845e-12,***,-0.19276942903146482
VmPFC,Residual,beta2,WS->LSS1,61,-1.136817748776908,1.5792889216759915e-12,***,-0.21692211957850818
VmPFC,Residual,beta3,WS->TS,61,0.009533999807432655,0.9408897527228096,ns,0.0013551156127418916
VmPFC,Residual,beta3,TS->ESS1,61,0.2391816591459615,0.06663789082061211,ns,0.020717489230525868
VmPFC,Residual,beta3,ESS1->LSS1,61,-0.5280267425850126,0.00011629275933683727,***,-0.04045610635594221
VmPFC,Residual,beta3,WS->ESS1,61,0.15189941901172702,0.2401518466848952,ns,0.022072604843267757
VmPFC,Residual,beta3,WS->LSS1,61,-0.10830823748690929,0.4009615617498949,ns,-0.018383501512674445
VmPFC,IRASA,delta,WS->TS,61,-0.10649720428652965,0.40883711730651473,ns,-0.04667973582085913
VmPFC,IRASA,delta,TS->ESS1,61,0.17705955388006314,0.17182697273920208,ns,0.07053648538691921
VmPFC,IRASA,delta,ESS1->LSS1,61,0.7359827031025109,3.2219306264816834e-07,***,0.32319418987542387
VmPFC,IRASA,delta,WS->ESS1,61,0.0571431854740084,0.6569853107025906,ns,0.0238567495660601
VmPFC,IRASA,delta,WS->LSS1,61,0.8035940447402855,4.226481895366615e-08,***,0.34705093944148396
VmPFC,IRASA,theta,WS->TS,61,0.04376130612386992,0.7337056321918624,ns,0.011020669688138267
VmPFC,IRASA,theta,TS->ESS1,61,0.09914937763365007,0.44174617523911963,ns,0.022632369539082806
VmPFC,IRASA,theta,ESS1->LSS1,61,0.7109507555972561,6.764615358945567e-07,***,0.24764265736248178
VmPFC,IRASA,theta,WS->ESS1,61,0.10688258379270485,0.40715337414453545,ns,0.03365303922722106
VmPFC,IRASA,theta,WS->LSS1,61,0.7759938672260412,9.726054505937308e-08,***,0.28129569658970277
VmPFC,IRASA,alpha1,WS->TS,61,-0.8660280254336638,6.314396579299371e-09,***,-0.3005661491060311
VmPFC,IRASA,alpha1,TS->ESS1,61,-1.5285865657342952,1.7148416913274154e-17,***,-0.5607842958387892
VmPFC,IRASA,alpha1,ESS1->LSS1,61,-0.17374403647419973,0.17986945545099162,ns,-0.04569591740906335
VmPFC,IRASA,alpha1,WS->ESS1,61,-2.038140183987379,3.2910649397334145e-23,***,-0.8613504449448205
VmPFC,IRASA,alpha1,WS->LSS1,61,-2.0882044353576323,1.0041714837847494e-23,***,-0.9070463623538837
VmPFC,IRASA,alpha2,WS->TS,61,-0.5143954343206685,0.00016629514865333742,***,-0.18950730131823804
VmPFC,IRASA,alpha2,TS->ESS1,61,-1.3878529269188498,9.249892087359297e-16,***,-0.551916612455812
VmPFC,IRASA,alpha2,ESS1->LSS1,61,0.005559715253696424,0.9655087196242348,ns,0.0014859703998828012
VmPFC,IRASA,alpha2,WS->ESS1,61,-1.6970160887225123,1.7693422814104905e-19,***,-0.7414239137740498
VmPFC,IRASA,alpha2,WS->LSS1,61,-1.725708359150321,8.298824694225116e-20,***,-0.7399379433741673
VmPFC,IRASA,beta1,WS->TS,61,-0.8475567276913232,1.1102059862154669e-08,***,-0.19395203876392567
VmPFC,IRASA,beta1,TS->ESS1,61,-0.42926991944363485,0.0013901206854308736,**,-0.07116084127275103
VmPFC,IRASA,beta1,ESS1->LSS1,61,0.2735399309490241,0.03673370944642673,*,0.052136820351190535
VmPFC,IRASA,beta1,WS->ESS1,61,-1.0906210850360543,6.438510098555413e-12,***,-0.2651128800366766
VmPFC,IRASA,beta1,WS->LSS1,61,-0.7941200800957845,5.629571572832733e-08,***,-0.21297605968548614
VmPFC,IRASA,beta2,WS->TS,61,-0.9093725814259941,1.6728666585632847e-09,***,-0.19591780066513909
VmPFC,IRASA,beta2,TS->ESS1,61,-1.2267181681858181,1.0534468914121661e-13,***,-0.200059189804763
VmPFC,IRASA,beta2,ESS1->LSS1,61,-0.49684594174036584,0.00026178469207778607,***,-0.10364605251241166
VmPFC,IRASA,beta2,WS->ESS1,61,-1.7065281139208883,1.3756245372141082e-19,***,-0.3959769904699021
VmPFC,IRASA,beta2,WS->LSS1,61,-1.9044493403867724,8.578021080825814e-22,***,-0.4996230429823138
VmPFC,IRASA,beta3,WS->TS,61,-0.4277086672514373,0.001442517146826548,**,-0.08605773048674407
VmPFC,IRASA,beta3,TS->ESS1,61,-0.9433041213251238,5.899433123990641e-10,***,-0.13518086773328142
VmPFC,IRASA,beta3,ESS1->LSS1,61,-0.6151347758658072,1.0761530963851868e-05,***,-0.14096674943016513
VmPFC,IRASA,beta3,WS->ESS1,61,-1.1369468907776872,1.5731153816379986e-12,***,-0.2212385982200255
VmPFC,IRASA,beta3,WS->LSS1,61,-1.43791910380099,2.2015572922195203e-16,***,-0.36220534765019063
VmPFC,Hilbert,delta,WS->TS,61,-0.3338137886521235,0.011501363263380325,*,-0.07046833956200067
VmPFC,Hilbert,delta,TS->ESS1,61,0.539822830639602,8.503802791187069e-05,***,0.09024039914692175
VmPFC,Hilbert,delta,ESS1->LSS1,61,1.4823534390972624,6.253485229229923e-17,***,0.33446828725570055
VmPFC,Hilbert,delta,WS->ESS1,61,0.08146936649932413,0.5270034262299781,ns,0.01977205958492109
VmPFC,Hilbert,delta,WS->LSS1,61,1.1714467523570824,5.539774297302955e-13,***,0.3542403468406218
VmPFC,Hilbert,theta,WS->TS,61,0.14934601086535587,0.24805619632562598,ns,0.020448716703060112
VmPFC,Hilbert,theta,TS->ESS1,61,0.4720437972291846,0.0004903907138874432,***,0.07138241687098888
VmPFC,Hilbert,theta,ESS1->LSS1,61,1.4274936449973423,2.9641164924598704e-16,***,0.27803219760856773
VmPFC,Hilbert,theta,WS->ESS1,61,0.42535202779047504,0.0015251531876160024,**,0.09183113357404901
VmPFC,Hilbert,theta,WS->LSS1,61,1.3564723601558446,2.2951710368816794e-15,***,0.36986333118261683
VmPFC,Hilbert,alpha1,WS->TS,61,-1.2972552017772563,1.2986664703491056e-14,***,-0.23459511326623347
VmPFC,Hilbert,alpha1,TS->ESS1,61,-1.8707762389360734,1.9919464538908787e-21,***,-0.4910946754394147
VmPFC,Hilbert,alpha1,ESS1->LSS1,61,-0.010247659948204464,0.9364743633370753,ns,-0.0017314632586461968
VmPFC,Hilbert,alpha1,WS->ESS1,61,-2.528737529809256,6.128072390501955e-28,***,-0.7256897887056482
VmPFC,Hilbert,alpha1,WS->LSS1,61,-2.3906127475262027,1.1204503976475857e-26,***,-0.7274212519642944
VmPFC,Hilbert,alpha2,WS->TS,61,-0.7815392989411633,8.229943211626982e-08,***,-0.1723564183415727
VmPFC,Hilbert,alpha2,TS->ESS1,61,-1.992076098316467,9.970360661459786e-23,***,-0.49439731440195417
VmPFC,Hilbert,alpha2,ESS1->LSS1,61,-0.059494264669533684,0.6438531701739407,ns,-0.008364908208806815
VmPFC,Hilbert,alpha2,WS->ESS1,61,-2.085842783816355,1.0615718916110933e-23,***,-0.6667537327435269
VmPFC,Hilbert,alpha2,WS->LSS1,61,-2.112834680563818,5.637243401843626e-24,***,-0.6751186409523336
VmPFC,Hilbert,beta1,WS->TS,61,-0.9423005824965449,6.084213460594271e-10,***,-0.10706645082444154
VmPFC,Hilbert,beta1,TS->ESS1,61,-1.0670509379268298,1.3226047786576405e-11,***,-0.09440258140954944
VmPFC,Hilbert,beta1,ESS1->LSS1,61,0.4158073429431862,0.001907756595670557,**,0.05576056343295832
VmPFC,Hilbert,beta1,WS->ESS1,61,-1.4748509584203757,7.726193719538423e-17,***,-0.20146903223399096
VmPFC,Hilbert,beta1,WS->LSS1,61,-0.7632994024927996,1.4243265812491824e-07,***,-0.14570846880103266
VmPFC,Hilbert,beta2,WS->TS,61,-1.344471764929947,3.2548302945735174e-15,***,-0.18657611539847285
VmPFC,Hilbert,beta2,TS->ESS1,61,-1.4785968180370037,6.951632612679116e-17,***,-0.20839057919371104
VmPFC,Hilbert,beta2,ESS1->LSS1,61,-0.4462044001437019,0.0009261670236320622,***,-0.07340458259467927
VmPFC,Hilbert,beta2,WS->ESS1,61,-1.9962131785928592,9.019856251300694e-23,***,-0.3949666945921838
VmPFC,Hilbert,beta2,WS->LSS1,61,-2.3772529715798747,1.4935606802510118e-26,***,-0.46837127718686306
VmPFC,Hilbert,beta3,WS->TS,61,-0.4041274694120927,0.0024989623176661095,**,-0.05656115662879849
VmPFC,Hilbert,beta3,TS->ESS1,61,-1.0405515349993855,2.9767422810199424e-11,***,-0.11571386465699572
VmPFC,Hilbert,beta3,ESS1->LSS1,61,-0.6815736977721303,1.6011075438277726e-06,***,-0.12028313837068155
VmPFC,Hilbert,beta3,WS->ESS1,61,-1.2105038806791077,1.7114449656147756e-13,***,-0.17227502128579422
VmPFC,Hilbert,beta3,WS->LSS1,61,-1.8575807932652024,2.777707302023376e-21,***,-0.2925581596564757
IPG,Residual,delta,WS->TS,61,-0.10174532345174785,0.4299455357148338,ns,-0.01790303875789828
IPG,Residual,delta,TS->ESS1,61,0.7947757908886836,5.519081556287296e-08,***,0.11589384254474391
IPG,Residual,delta,ESS1->LSS1,61,0.6356769624412396,6.013716626782574e-06,***,0.11248205125806429
IPG,Residual,delta,WS->ESS1,61,0.4648397256305924,0.0005866266678930059,***,0.09799080378684563
IPG,Residual,delta,WS->LSS1,61,0.8432206392867915,1.2672090296371375e-08,***,0.21047285504490992
IPG,Residual,theta,WS->TS,61,0.2307984840803332,0.0764749540162681,ns,0.04088175069214451
IPG,Residual,theta,TS->ESS1,61,0.46561427643829184,0.0005754733328316052,***,0.08163009072426645
IPG,Residual,theta,ESS1->LSS1,61,0.5651002456292958,4.303333734176163e-05,***,0.08163351573142501
IPG,Residual,theta,WS->ESS1,61,0.5942382158711055,1.9308369768767e-05,***,0.12251184141641096
IPG,Residual,theta,WS->LSS1,61,0.9411532353411386,6.302570095099921e-10,***,0.204145357147836
IPG,Residual,alpha1,WS->TS,61,-0.8550442126749469,8.833437793974177e-09,***,-0.20147994598615593
IPG,Residual,alpha1,TS->ESS1,61,-2.0566762705272215,2.1161276029817287e-23,***,-0.6511666992738485
IPG,Residual,alpha1,ESS1->LSS1,61,-0.6248335735559923,8.18322794173135e-06,***,-0.10999876037553077
IPG,Residual,alpha1,WS->ESS1,61,-2.6073995074953222,1.2332820925865287e-28,***,-0.8526466452600044
IPG,Residual,alpha1,WS->LSS1,61,-2.8373197979246507,1.3915174889444855e-30,***,-0.9626454056355354
IPG,Residual,alpha2,WS->TS,61,-0.2703628686600684,0.038894216396807284,*,-0.07071320016549396
IPG,Residual,alpha2,TS->ESS1,61,-1.8059266378243855,1.0341525420370652e-20,***,-0.5680334349988448
IPG,Residual,alpha2,ESS1->LSS1,61,-0.39285290193512346,0.0032291496049191362,**,-0.08183950972188778
IPG,Residual,alpha2,WS->ESS1,61,-1.7923467621015101,1.4660962508260878e-20,***,-0.6387466351643387
IPG,Residual,alpha2,WS->LSS1,61,-1.7823825285820272,1.8957390680830543e-20,***,-0.7205861448862266
IPG,Residual,beta1,WS->TS,61,-0.516438224929817,0.00015766147795258118,***,-0.07223898553468444
IPG,Residual,beta1,TS->ESS1,61,-0.2302329748676001,0.07718014488117339,ns,-0.024317336407034016
IPG,Residual,beta1,ESS1->LSS1,61,0.5022117035119406,0.0002280596679794921,***,0.08072614234488867
IPG,Residual,beta1,WS->ESS1,61,-0.5677528587871804,4.003336825568082e-05,***,-0.09655632194171847
IPG,Residual,beta1,WS->LSS1,61,-0.07248281867101355,0.5734310974037542,ns,-0.015830179596829766
IPG,Residual,beta2,WS->TS,61,-0.7385560352642941,2.984323975212902e-07,***,-0.10362621266872057
IPG,Residual,beta2,TS->ESS1,61,-0.6399503786046683,5.323490128318966e-06,***,-0.09344926652223151
IPG,Residual,beta2,ESS1->LSS1,61,-0.29969189204003616,0.02259133230365429,*,-0.02812168877278687
IPG,Residual,beta2,WS->ESS1,61,-1.2148799610466765,1.5011424633134709e-13,***,-0.19707547919095209
IPG,Residual,beta2,WS->LSS1,61,-1.2938617235988088,1.4352642077595742e-14,***,-0.22519716796373898
IPG,Residual,beta3,WS->TS,61,0.09759293800227503,0.4489116907022277,ns,0.011331123129221621
IPG,Residual,beta3,TS->ESS1,61,0.10450323713061233,0.4176165208941393,ns,0.010633935618581104
IPG,Residual,beta3,ESS1->LSS1,61,-0.44286455914581596,0.0010040806144261901,**,-0.03476423977877562
IPG,Residual,beta3,WS->ESS1,61,0.18064312475283598,0.16344763166668413,ns,0.021965058747802732
IPG,Residual,beta3,WS->LSS1,61,-0.08064894032026149,0.5311591280379216,ns,-0.012799181030972906
IPG,IRASA,delta,WS->TS,61,-0.17041825185410164,0.1882217988436498,ns,-0.0696899182495961
IPG,IRASA,delta,TS->ESS1,61,0.2185886364730644,0.09294943051667401,ns,0.08153304253470182
IPG,IRASA,delta,ESS1->LSS1,61,0.855084633191198,8.822538716816156e-09,***,0.3828343116754789
IPG,IRASA,delta,WS->ESS1,61,0.024151477736903525,0.8510201188295358,ns,0.01184312428510573
IPG,IRASA,delta,WS->LSS1,61,0.8566476197327785,8.41120694846765e-09,***,0.39467743596058463
IPG,IRASA,theta,WS->TS,61,-0.14141553763896292,0.273790035196853,ns,-0.04084230349386979
IPG,IRASA,theta,TS->ESS1,61,0.2657800784069028,0.042205262961219035,*,0.07109020970767993
IPG,IRASA,theta,ESS1->LSS1,61,0.7394525761241254,2.90568345780718e-07,***,0.3073884778050493
IPG,IRASA,theta,WS->ESS1,61,0.09326644821334688,0.46918139063089553,ns,0.030247906213810155
IPG,IRASA,theta,WS->LSS1,61,0.8036325544467046,4.2215550783683864e-08,***,0.33763638401885937
IPG,IRASA,alpha1,WS->TS,61,-1.0113982973498328,7.279611668959428e-11,***,-0.2743438291200088
IPG,IRASA,alpha1,TS->ESS1,61,-1.5015571823020326,3.6464731529124204e-17,***,-0.5638055150387008
IPG,IRASA,alpha1,ESS1->LSS1,61,-0.2054075775372088,0.11390279336306083,ns,-0.056223406985427125
IPG,IRASA,alpha1,WS->ESS1,61,-2.0062387222121965,7.079225316330904e-23,***,-0.8381493441587096
IPG,IRASA,alpha1,WS->LSS1,61,-2.0229091401928643,4.739700545475819e-23,***,-0.8943727511441366
IPG,IRASA,alpha2,WS->TS,61,-0.48370021833223575,0.00036586029116938745,***,-0.15606872156478288
IPG,IRASA,alpha2,TS->ESS1,61,-1.4500477331455834,1.5591903017812184e-16,***,-0.5607556004654278
IPG,IRASA,alpha2,ESS1->LSS1,61,-0.037115106874355146,0.7729088172112718,ns,-0.01116064739362931
IPG,IRASA,alpha2,WS->ESS1,61,-1.5644022256584211,6.3651888190423694e-18,***,-0.7168243220302108
IPG,IRASA,alpha2,WS->LSS1,61,-1.4951006064590193,4.370146793439456e-17,***,-0.72798496942384
IPG,IRASA,beta1,WS->TS,61,-0.6979375086603515,9.920714027243339e-07,***,-0.1926269254531715
IPG,IRASA,beta1,TS->ESS1,61,-0.3187012875739074,0.015596353054727084,*,-0.05805711305575835
IPG,IRASA,beta1,ESS1->LSS1,61,0.41551644179087155,0.0019207287379724646,**,0.09523850702720743
IPG,IRASA,beta1,WS->ESS1,61,-0.8810903941790955,3.982087242450653e-09,***,-0.2506840385089299
IPG,IRASA,beta1,WS->LSS1,61,-0.49369212307023697,0.00028379144973018276,***,-0.15544553148172247
IPG,IRASA,beta2,WS->TS,61,-0.9364687755733055,7.278394105468892e-10,***,-0.1921093552105933
IPG,IRASA,beta2,TS->ESS1,61,-1.144506088848778,1.2509721517599591e-12,***,-0.22888477575883986
IPG,IRASA,beta2,ESS1->LSS1,61,-0.39411489509448555,0.0031384714138466075,**,-0.08251658405367646
IPG,IRASA,beta2,WS->ESS1,61,-1.678566447980493,2.8887634200404874e-19,***,-0.4209941309694332
IPG,IRASA,beta2,WS->LSS1,61,-2.1615388735097922,1.822923756063277e-24,***,-0.5035107150231097
IPG,IRASA,beta3,WS->TS,61,-0.3941585754075288,0.003135375858536174,**,-0.07993096104816588
IPG,IRASA,beta3,TS->ESS1,61,-0.9343476043326088,7.768585164789791e-10,***,-0.1480280167746059
IPG,IRASA,beta3,ESS1->LSS1,61,-0.500656143895527,0.00023738066727440149,***,-0.10671283355915727
IPG,IRASA,beta3,WS->ESS1,61,-1.1825279548612906,3.966599908514311e-13,***,-0.22795897782277177
IPG,IRASA,beta3,WS->LSS1,61,-1.3890819306986026,8.9277125719794e-16,***,-0.3346718113819291
IPG,Hilbert,delta,WS->TS,61,-0.41779175704655436,0.0018214416777388059,**,-0.09426807150728964
IPG,Hilbert,delta,TS->ESS1,61,0.5975942997950133,1.758744131871683e-05,***,0.10173407519442122
IPG,Hilbert,delta,ESS1->LSS1,61,1.6169479476136346,1.514071478047886e-18,***,0.386557080189217
IPG,Hilbert,delta,WS->ESS1,61,0.028373551040500086,0.8253742664622463,ns,0.007466003687131614
IPG,Hilbert,delta,WS->LSS1,61,1.236691350110983,7.821655452461178e-14,***,0.39402308387634855
IPG,Hilbert,theta,WS->TS,61,0.16670590298715457,0.19788776161543728,ns,0.023814672425034832
IPG,Hilbert,theta,TS->ESS1,61,0.5488940525114617,6.670345814721781e-05,***,0.0935053348744536
IPG,Hilbert,theta,ESS1->LSS1,61,1.4821751781758024,6.28495576998532e-17,***,0.32253402352014876
IPG,Hilbert,theta,WS->ESS1,61,0.4823649081740806,0.00037841713558329717,***,0.11732000729948842
IPG,Hilbert,theta,WS->LSS1,61,1.4569131365942338,1.2832060505313592e-16,***,0.43985403081963714
IPG,Hilbert,alpha1,WS->TS,61,-1.2938074709137173,1.4375617542748948e-14,***,-0.22589665321552926
IPG,Hilbert,alpha1,TS->ESS1,61,-1.677570849362533,2.9664268197158057e-19,***,-0.5143676895124673
IPG,Hilbert,alpha1,ESS1->LSS1,61,0.038681823305048324,0.7636094091306843,ns,0.00758432449860673
IPG,Hilbert,alpha1,WS->ESS1,61,-2.445784724250057,3.4601748918461274e-27,***,-0.7402643427279968
IPG,Hilbert,alpha1,WS->LSS1,61,-2.3145664050808246,5.84321944871967e-26,***,-0.7326800182293898
IPG,Hilbert,alpha2,WS->TS,61,-0.6904635926641637,1.2349946138802534e-06,***,-0.16302080315749917
IPG,Hilbert,alpha2,TS->ESS1,61,-1.8041757587924259,1.0816653527912453e-20,***,-0.48904428860607563
IPG,Hilbert,alpha2,ESS1->LSS1,61,-0.06543554611228201,0.611179003868059,ns,-0.011600739494841942
IPG,Hilbert,alpha2,WS->ESS1,61,-1.8939650385907514,1.1140539372015962e-21,***,-0.6520650917635747
IPG,Hilbert,alpha2,WS->LSS1,61,-1.9006916143976125,9.419594656247208e-22,***,-0.6636658312584166
IPG,Hilbert,beta1,WS->TS,61,-0.8211347448120022,2.4823247022937787e-08,***,-0.10098088544986247
IPG,Hilbert,beta1,TS->ESS1,61,-1.0546200843940492,1.9346501238779286e-11,***,-0.10756362428883061
IPG,Hilbert,beta1,ESS1->LSS1,61,0.6376950355039079,5.677471620813157e-06,***,0.10117060100948748
IPG,Hilbert,beta1,WS->ESS1,61,-1.4479870099638532,1.6531910940230968e-16,***,-0.20854450973869304
IPG,Hilbert,beta1,WS->LSS1,61,-0.5296309531963598,0.00011146726050072078,***,-0.10737390872920559
IPG,Hilbert,beta2,WS->TS,61,-1.2761038215286364,2.4251228411417248e-14,***,-0.18158121082146012
IPG,Hilbert,beta2,TS->ESS1,61,-1.5423513358494991,1.170306863489631e-17,***,-0.23495825553505578
IPG,Hilbert,beta2,ESS1->LSS1,61,-0.28073402822567317,0.03222505171344643,*,-0.04598340829301845
IPG,Hilbert,beta2,WS->ESS1,61,-2.002843186453289,7.68394516775136e-23,***,-0.41653946635651595
IPG,Hilbert,beta2,WS->LSS1,61,-2.556238202387294,3.4841507953886994e-28,***,-0.4625228746495345
IPG,Hilbert,beta3,WS->TS,61,-0.3178014460986796,0.01587738046583877,*,-0.04483699316475074
IPG,Hilbert,beta3,TS->ESS1,61,-1.0239389725785133,4.954086866862899e-11,***,-0.11735349492966164
IPG,Hilbert,beta3,ESS1->LSS1,61,-0.6405504694664277,5.233010707424467e-06,***,-0.10548671889153546
IPG,Hilbert,beta3,WS->ESS1,61,-1.1816973178424486,4.067090977698351e-13,***,-0.1621904880944124
IPG,Hilbert,beta3,WS->LSS1,61,-1.7198663135849785,9.676890816118935e-20,***,-0.2676772069859478
SPG,Residual,delta,WS->TS,61,0.044628595119022965,0.7286394417042313,ns,0.007736481480723868
SPG,Residual,delta,TS->ESS1,61,0.9813382023775482,1.8328193734222472e-10,***,0.1348452885037008
SPG,Residual,delta,ESS1->LSS1,61,0.437217148100492,0.0011501526034591275,**,0.08053269000103945
SPG,Residual,delta,WS->ESS1,61,0.7147739685047906,6.042662562831702e-07,***,0.14258176998442465
SPG,Residual,delta,WS->LSS1,61,0.9601754826901638,3.512401480906551e-10,***,0.22311445998546414
SPG,Residual,theta,WS->TS,61,0.2125231358003228,0.10216115311189702,ns,0.03186754702801953
SPG,Residual,theta,TS->ESS1,61,0.27653213186782755,0.03479549669971309,*,0.05002233579536735
SPG,Residual,theta,ESS1->LSS1,61,0.5130040532655843,0.0001724347877477459,***,0.07947874520325438
SPG,Residual,theta,WS->ESS1,61,0.42518729927835897,0.0015310934898163935,**,0.0818898828233869
SPG,Residual,theta,WS->LSS1,61,0.7869784687901547,6.984787450001922e-08,***,0.1613686280266413
SPG,Residual,alpha1,WS->TS,61,-0.8220708590698105,2.4126989358535935e-08,***,-0.18984468434530402
SPG,Residual,alpha1,TS->ESS1,61,-1.900936991965357,9.362173518351947e-22,***,-0.6180168755899114
SPG,Residual,alpha1,ESS1->LSS1,61,-0.495423039013065,0.00027150247315015037,***,-0.08725636400701725
SPG,Residual,alpha1,WS->ESS1,61,-2.3252353197561035,4.624198289335624e-26,***,-0.8078615599352151
SPG,Residual,alpha1,WS->LSS1,61,-2.6448136358099474,5.826554813751155e-29,***,-0.8951179239422326
SPG,Residual,alpha2,WS->TS,61,-0.4811411047074144,0.0003902871480322232,***,-0.1285196732206616
SPG,Residual,alpha2,TS->ESS1,61,-1.4722982707439716,8.303414326576228e-17,***,-0.472681245403308
SPG,Residual,alpha2,ESS1->LSS1,61,-0.19604951180083136,0.13097692466159588,ns,-0.03333621290481463
SPG,Residual,alpha2,WS->ESS1,61,-1.5488948921111556,9.764354887451748e-18,***,-0.6012009186239696
SPG,Residual,alpha2,WS->LSS1,61,-1.5269092808367173,1.7967414132763e-17,***,-0.6345371315287843
SPG,Residual,beta1,WS->TS,61,-0.6248131835847291,8.187954725248867e-06,***,-0.09199678444070249
SPG,Residual,beta1,TS->ESS1,61,0.12795468076018832,0.32163471952336037,ns,0.013053180359195825
SPG,Residual,beta1,ESS1->LSS1,61,0.41680240757309905,0.001864004517354688,**,0.062003590215316304
SPG,Residual,beta1,WS->ESS1,61,-0.45519324670091305,0.0007439927160541375,***,-0.07894360408150666
SPG,Residual,beta1,WS->LSS1,61,-0.08676992346151224,0.500570291455556,ns,-0.01694001386619035
SPG,Residual,beta2,WS->TS,61,-0.5339467206647924,9.94267646875975e-05,***,-0.07629246992454851
SPG,Residual,beta2,TS->ESS1,61,-0.5152701940257104,0.00016254365463813574,***,-0.06954310425353036
SPG,Residual,beta2,ESS1->LSS1,61,-0.052901211159756864,0.6809537694555624,ns,-0.005188107574323313
SPG,Residual,beta2,WS->ESS1,61,-0.8609383235299846,7.377607643376953e-09,***,-0.14583557417807885
SPG,Residual,beta2,WS->LSS1,61,-0.8216156683228413,2.4463088946293943e-08,***,-0.15102368175240224
SPG,Residual,beta3,WS->TS,61,0.20357890580181454,0.11709017039189101,ns,0.02028615315703518
SPG,Residual,beta3,TS->ESS1,61,0.5003726674784073,0.00023911827951255966,***,0.05675558109234838
SPG,Residual,beta3,ESS1->LSS1,61,-0.3713938266814894,0.005197815303256807,**,-0.03521504506423969
SPG,Residual,beta3,WS->ESS1,61,0.6252809015297,8.080198741950933e-06,***,0.07704173424938353
SPG,Residual,beta3,WS->LSS1,61,0.3005255774567718,0.02223383592648664,*,0.041826689185143866
SPG,IRASA,delta,WS->TS,61,-0.10456550852881093,0.4173406292651888,ns,-0.04901004032466169
SPG,IRASA,delta,TS->ESS1,61,0.13078839049936672,0.3111234634547226,ns,0.06075121930230441
SPG,IRASA,delta,ESS1->LSS1,61,0.9386187931937439,6.813067515165024e-10,***,0.4723046865642941
SPG,IRASA,delta,WS->ESS1,61,0.024927700462710884,0.8462921551955236,ns,0.011741178977642722
SPG,IRASA,delta,WS->LSS1,61,1.1401117784696244,1.4291686155294903e-12,***,0.48404586554193685
SPG,IRASA,theta,WS->TS,61,0.10020854833509933,0.43690859601105586,ns,0.029950946827627896
SPG,IRASA,theta,TS->ESS1,61,0.07518557811720189,0.5592605560576976,ns,0.02257783093993538
SPG,IRASA,theta,ESS1->LSS1,61,0.8372046177726921,1.5222625628378942e-08,***,0.3262183520311778
SPG,IRASA,theta,WS->ESS1,61,0.1309408685307844,0.31056452756089326,ns,0.05252877776756328
SPG,IRASA,theta,WS->LSS1,61,0.8668996821458058,6.148280120094619e-09,***,0.3787471297987413
SPG,IRASA,alpha1,WS->TS,61,-0.9629992081984156,3.220400377813279e-10,***,-0.318286713821651
SPG,IRASA,alpha1,TS->ESS1,61,-1.3105679827565284,8.778330559044979e-15,***,-0.5812393819272248
SPG,IRASA,alpha1,ESS1->LSS1,61,0.1431990769981839,0.26784535349205846,ns,0.04415650407815756
SPG,IRASA,alpha1,WS->ESS1,61,-1.9561984900852305,2.3898575295644863e-22,***,-0.8995260957488757
SPG,IRASA,alpha1,WS->LSS1,61,-1.7764380263615884,2.2106841297863948e-20,***,-0.8553695916707182
SPG,IRASA,alpha2,WS->TS,61,-0.6943102228136115,1.1034296005797978e-06,***,-0.2454593119063526
SPG,IRASA,alpha2,TS->ESS1,61,-1.1439002692955684,1.274145388030036e-12,***,-0.4829183787017772
SPG,IRASA,alpha2,ESS1->LSS1,61,0.2135071876957306,0.10061792158166433,ns,0.05535573681748876
SPG,IRASA,alpha2,WS->ESS1,61,-1.447744977361343,1.664600417730577e-16,***,-0.72837769060813
SPG,IRASA,alpha2,WS->LSS1,61,-1.3474342552315501,2.9856339048009846e-15,***,-0.6730219537906409
SPG,IRASA,beta1,WS->TS,61,-0.7501029190475609,2.1145992425676552e-07,***,-0.1648337117774331
SPG,IRASA,beta1,TS->ESS1,61,-0.25632373838328604,0.049816764840504874,*,-0.044676581893441085
SPG,IRASA,beta1,ESS1->LSS1,61,0.2718068569572755,0.03789890225261614,*,0.05622093680325888
SPG,IRASA,beta1,WS->ESS1,61,-0.8227143974474034,2.365963920023763e-08,***,-0.20951029367087418
SPG,IRASA,beta1,WS->LSS1,61,-0.5531200987804096,5.953157514996415e-05,***,-0.15328935686761527
SPG,IRASA,beta2,WS->TS,61,-0.4834759571465018,0.00036794090474167175,***,-0.11375636260192287
SPG,IRASA,beta2,TS->ESS1,61,-1.0480474987101291,2.3659462117822025e-11,***,-0.22093696071354715
SPG,IRASA,beta2,ESS1->LSS1,61,-0.18278644955788453,0.15858899751741518,ns,-0.039265786116795445
SPG,IRASA,beta2,WS->ESS1,61,-1.2597255180787004,3.9408127486427294e-14,***,-0.3346933233154701
SPG,IRASA,beta2,WS->LSS1,61,-1.4619091744746886,1.11384653695715e-16,***,-0.3739591094322655
SPG,IRASA,beta3,WS->TS,61,-0.13817365667891193,0.2848308508547749,ns,-0.029391338558358272
SPG,IRASA,beta3,TS->ESS1,61,-0.4503651716549072,0.0008371191726214137,***,-0.07809578957846064
SPG,IRASA,beta3,ESS1->LSS1,61,-0.6129048685264561,1.1458415402625242e-05,***,-0.12528559276474846
SPG,IRASA,beta3,WS->ESS1,61,-0.519072812009125,0.0001471631566111982,***,-0.10748712813681895
SPG,IRASA,beta3,WS->LSS1,61,-1.0195273153820672,5.6721820848101105e-11,***,-0.23277272090156742
SPG,Hilbert,delta,WS->TS,61,-0.3703701477586634,0.005315077401875765,**,-0.09352086795160522
SPG,Hilbert,delta,TS->ESS1,61,0.7197265222282258,5.219550873194299e-07,***,0.13150477403589517
SPG,Hilbert,delta,ESS1->LSS1,61,1.5768429198522778,4.5218023793017135e-18,***,0.405523411754709
SPG,Hilbert,delta,WS->ESS1,61,0.13636558022053488,0.291120981912296,ns,0.03798390608428995
SPG,Hilbert,delta,WS->LSS1,61,1.4181088513806104,3.876692634904637e-16,***,0.4435073178389989
SPG,Hilbert,theta,WS->TS,61,0.15100830114624883,0.2428894718059247,ns,0.020497641417955934
SPG,Hilbert,theta,TS->ESS1,61,0.5126176374224115,0.0001741782973424941,***,0.09189425972102726
SPG,Hilbert,theta,ESS1->LSS1,61,1.4844796196707835,5.89016334808749e-17,***,0.31628807011878945
SPG,Hilbert,theta,WS->ESS1,61,0.44299780229472047,0.0010008565885023244,**,0.11239190113898319
SPG,Hilbert,theta,WS->LSS1,61,1.4839119181792282,5.985034266660238e-17,***,0.4286799712577727
SPG,Hilbert,alpha1,WS->TS,61,-1.2633265353079326,3.5413292082765006e-14,***,-0.2337071346922961
SPG,Hilbert,alpha1,TS->ESS1,61,-1.5590093967818046,7.384904804342577e-18,***,-0.5523521202187532
SPG,Hilbert,alpha1,ESS1->LSS1,61,0.2036934367977661,0.11688845716580805,ns,0.03736679183883847
SPG,Hilbert,alpha1,WS->ESS1,61,-2.164555201341323,1.7007578119314195e-24,***,-0.7860592549110494
SPG,Hilbert,alpha1,WS->LSS1,61,-2.017885852737175,5.347604717741531e-23,***,-0.7486924630722109
SPG,Hilbert,alpha2,WS->TS,61,-0.6664969360503596,2.481035642416345e-06,***,-0.16520710986064313
SPG,Hilbert,alpha2,TS->ESS1,61,-1.484995452647218,5.805277234609304e-17,***,-0.4236567727165079
SPG,Hilbert,alpha2,ESS1->LSS1,61,0.172640503486584,0.1826089855654417,ns,0.02270161484932813
SPG,Hilbert,alpha2,WS->ESS1,61,-1.80611604896072,1.0291408133951628e-20,***,-0.588863882577151
SPG,Hilbert,alpha2,WS->LSS1,61,-1.6668566165718572,3.9485579319967465e-19,***,-0.566162267727823
SPG,Hilbert,beta1,WS->TS,61,-0.794807483923996,5.513796037288802e-08,***,-0.09674677963623739
SPG,Hilbert,beta1,TS->ESS1,61,-0.6048960950428106,1.4344511627038042e-05,***,-0.0693236620061096
SPG,Hilbert,beta1,ESS1->LSS1,61,0.4618411355570808,0.000631781254429036,***,0.07205923579762759
SPG,Hilbert,beta1,WS->ESS1,61,-1.046422609368986,2.4866791488511052e-11,***,-0.16607044164234702
SPG,Hilbert,beta1,WS->LSS1,61,-0.5195453514099861,0.00014535293304637374,***,-0.0940112058447194
SPG,Hilbert,beta2,WS->TS,61,-0.9942498001232175,1.232607594677018e-10,***,-0.15987383983203624
SPG,Hilbert,beta2,TS->ESS1,61,-1.1797102511085231,4.3179993166864013e-13,***,-0.1738413535463121
SPG,Hilbert,beta2,ESS1->LSS1,61,-0.28822130257756234,0.028056112938569893,*,-0.047376988432524615
SPG,Hilbert,beta2,WS->ESS1,61,-1.538256762302079,1.3109643872504378e-17,***,-0.33371519337834826
SPG,Hilbert,beta2,WS->LSS1,61,-1.8469664561115995,3.6330361409949226e-21,***,-0.381092181810873
SPG,Hilbert,beta3,WS->TS,61,-0.19461572370641253,0.13376418339397342,ns,-0.02776330484577949
SPG,Hilbert,beta3,TS->ESS1,61,-0.5053850658372876,0.0002101243255965868,***,-0.06341606901887108
SPG,Hilbert,beta3,ESS1->LSS1,61,-0.7090141408118721,7.162166940294158e-07,***,-0.11171944632567346
SPG,Hilbert,beta3,WS->ESS1,61,-0.5582194999882065,5.1869891598456904e-05,***,-0.09117937386465055
SPG,Hilbert,beta3,WS->LSS1,61,-1.3172014903265679,7.225156264073737e-15,***,-0.20289882019032396
L_STG,Residual,delta,WS->TS,61,0.10007076903020343,0.4375361041162706,ns,0.015872701727719808
L_STG,Residual,delta,TS->ESS1,61,1.0400819293394752,3.019891576261412e-11,***,0.13486060684563425
L_STG,Residual,delta,ESS1->LSS1,61,0.70189166072623,8.832853135604272e-07,***,0.13317926687793954
L_STG,Residual,delta,WS->ESS1,61,0.8048282707813887,4.0713848230269805e-08,***,0.15073330857335407
L_STG,Residual,delta,WS->LSS1,61,1.1917619641223691,3.004211771635282e-13,***,0.28391257545129367
L_STG,Residual,theta,WS->TS,61,0.35738890020866154,0.007030254163078018,**,0.06476185441843063
L_STG,Residual,theta,TS->ESS1,61,0.461590432999678,0.0006357030268142358,***,0.08857235738087313
L_STG,Residual,theta,ESS1->LSS1,61,0.40628598758173495,0.0023781443522843094,**,0.07260858593768316
L_STG,Residual,theta,WS->ESS1,61,0.6735242093616,2.0236625976037498e-06,***,0.15333421179930382
L_STG,Residual,theta,WS->LSS1,61,0.9942327623390141,1.233252921423118e-10,***,0.22594279773698694
L_STG,Residual,alpha1,WS->TS,61,-0.6453949748084381,4.555773722140933e-06,***,-0.1635821410086553
L_STG,Residual,alpha1,TS->ESS1,61,-1.9414901695069908,3.429471864142764e-22,***,-0.6114950815955345
L_STG,Residual,alpha1,ESS1->LSS1,61,-0.6893909739846253,1.2743606852504346e-06,***,-0.13805171625654067
L_STG,Residual,alpha1,WS->ESS1,61,-2.406476368583679,7.976465490878299e-27,***,-0.7750772226041898
L_STG,Residual,alpha1,WS->LSS1,61,-2.591829033229047,1.6889797587910548e-28,***,-0.9131289388607303
L_STG,Residual,alpha2,WS->TS,61,-0.28008260945365643,0.032612289090060906,*,-0.07422168805024007
L_STG,Residual,alpha2,TS->ESS1,61,-1.744305306260481,5.098019262324128e-20,***,-0.5726002853217879
L_STG,Residual,alpha2,ESS1->LSS1,61,-0.6204134529667596,9.272983947125974e-06,***,-0.1421060715801061
L_STG,Residual,alpha2,WS->ESS1,61,-1.7803782547785407,1.9965045199491778e-20,***,-0.6468219733720278
L_STG,Residual,alpha2,WS->LSS1,61,-2.0065650164153888,7.02371440410511e-23,***,-0.788928044952134
L_STG,Residual,beta1,WS->TS,61,-0.41072488836762777,0.0021467094869322702,**,-0.07295334488782164
L_STG,Residual,beta1,TS->ESS1,61,-0.27362787907029545,0.03667542257760183,*,-0.03197082044039529
L_STG,Residual,beta1,ESS1->LSS1,61,0.7161141248020735,5.808055957096713e-07,***,0.13377859502200587
L_STG,Residual,beta1,WS->ESS1,61,-0.5213220451082073,0.00013873706841380733,***,-0.10492416532821693
L_STG,Residual,beta1,WS->LSS1,61,0.11393700323559941,0.37708644240350186,ns,0.028854429693788937
L_STG,Residual,beta2,WS->TS,61,-0.7486607078984673,2.2077209832600863e-07,***,-0.09766956822826332
L_STG,Residual,beta2,TS->ESS1,61,-0.9155017357741934,1.3859392970216808e-09,***,-0.12988420896114333
L_STG,Residual,beta2,ESS1->LSS1,61,-0.18139054307128946,0.16174043167751875,ns,-0.018617642672754602
L_STG,Residual,beta2,WS->ESS1,61,-1.3719534506860032,1.4646532123650037e-15,***,-0.22755377718940664
L_STG,Residual,beta2,WS->LSS1,61,-1.4970224320025145,4.140752346943358e-17,***,-0.2461714198621612
L_STG,Residual,beta3,WS->TS,61,0.3148984422254611,0.016815392421078938,*,0.040748128970661254
L_STG,Residual,beta3,TS->ESS1,61,-0.06373230257396303,0.6204690465406215,ns,-0.0073951966031714
L_STG,Residual,beta3,ESS1->LSS1,61,-0.569927640970905,3.772643754172817e-05,***,-0.048652021469838914
L_STG,Residual,beta3,WS->ESS1,61,0.2626839576402277,0.044578201854712445,*,0.03335293236748985
L_STG,Residual,beta3,WS->LSS1,61,-0.09204357766098713,0.4750033003710069,ns,-0.015299089102349063
L_STG,IRASA,delta,WS->TS,61,-0.19706829525468006,0.12902463548484028,ns,-0.08064785207773832
L_STG,IRASA,delta,TS->ESS1,61,0.2761691634588815,0.03502573948704709,*,0.11824144844171403
L_STG,IRASA,delta,ESS1->LSS1,61,0.8375898323985446,1.504499847589963e-08,***,0.41913313870434865
L_STG,IRASA,delta,WS->ESS1,61,0.07814285476056537,0.5439578797179848,ns,0.037593596363975725
L_STG,IRASA,delta,WS->LSS1,61,0.9593734962940713,3.600061969062695e-10,***,0.4567267350683244
L_STG,IRASA,theta,WS->TS,61,0.026073091295573062,0.839325991688564,ns,0.007476067671939099
L_STG,IRASA,theta,TS->ESS1,61,0.31328488467043575,0.017358055289368225,*,0.07438368883691615
L_STG,IRASA,theta,ESS1->LSS1,61,0.7893386307451813,6.504458926742886e-08,***,0.32845608517969227
L_STG,IRASA,theta,WS->ESS1,61,0.24606801542012607,0.059377082252759734,ns,0.08185975650885527
L_STG,IRASA,theta,WS->LSS1,61,0.9594987727787221,3.586225913120558e-10,***,0.4103158416885475
L_STG,IRASA,alpha1,WS->TS,61,-0.9909144302987806,1.3656103246860554e-10,***,-0.26314158693260575
L_STG,IRASA,alpha1,TS->ESS1,61,-1.5240122818067434,1.947615551652586e-17,***,-0.5710895613575331
L_STG,IRASA,alpha1,ESS1->LSS1,61,-0.17088117450365103,0.1870419458495664,ns,-0.05070957609949494
L_STG,IRASA,alpha1,WS->ESS1,61,-1.971567406922262,1.6414404689557783e-22,***,-0.8342311482901387
L_STG,IRASA,alpha1,WS->LSS1,61,-1.884100077716176,1.4257773942054053e-21,***,-0.8849407243896336
L_STG,IRASA,alpha2,WS->TS,61,-0.6233785843778206,8.527321687700408e-06,***,-0.18912953832980114
L_STG,IRASA,alpha2,TS->ESS1,61,-1.433146607269452,2.5224094790816384e-16,***,-0.614681788610736
L_STG,IRASA,alpha2,ESS1->LSS1,61,-0.12820145450547552,0.3207100045335937,ns,-0.036540287107880244
L_STG,IRASA,alpha2,WS->ESS1,61,-1.6621269036888522,4.481175737333088e-19,***,-0.8038113269405369
L_STG,IRASA,alpha2,WS->LSS1,61,-1.6947222836957303,1.8802614990114716e-19,***,-0.8403516140484174
L_STG,IRASA,beta1,WS->TS,61,-0.682043428030727,1.579332183153294e-06,***,-0.19153644772003375
L_STG,IRASA,beta1,TS->ESS1,61,-0.5988540207090343,1.6980930869351368e-05,***,-0.12608278663965705
L_STG,IRASA,beta1,ESS1->LSS1,61,0.6510689845316812,3.871429305727317e-06,***,0.17206561221651007
L_STG,IRASA,beta1,WS->ESS1,61,-0.9068069709076438,1.8099193322587846e-09,***,-0.31761923435969075
L_STG,IRASA,beta1,WS->LSS1,61,-0.3962109319882694,0.002993103787226797,**,-0.14555362214318068
L_STG,IRASA,beta2,WS->TS,61,-1.213124893437985,1.5821703139028346e-13,***,-0.23393250361884493
L_STG,IRASA,beta2,TS->ESS1,61,-1.3392968351334908,3.7851360292064285e-15,***,-0.2829700702352959
L_STG,IRASA,beta2,ESS1->LSS1,61,-0.1280320083459144,0.321344764412579,ns,-0.028370422448724574
L_STG,IRASA,beta2,WS->ESS1,61,-1.8743416646615572,1.821200390059266e-21,***,-0.5169025738541408
L_STG,IRASA,beta2,WS->LSS1,61,-1.8982161244531879,1.0019213528844982e-21,***,-0.5452729963028654
L_STG,IRASA,beta3,WS->TS,61,-0.33514723143196684,0.01119172729925956,*,-0.05941185268853408
L_STG,IRASA,beta3,TS->ESS1,61,-0.9872840184969183,1.5267582494561192e-10,***,-0.1877526522287222
L_STG,IRASA,beta3,ESS1->LSS1,61,-0.44007645565555886,0.0010738464249487045,**,-0.08986435385690354
L_STG,IRASA,beta3,WS->ESS1,61,-1.1341808923368915,1.7108029500592202e-12,***,-0.24716450491725633
L_STG,IRASA,beta3,WS->LSS1,61,-1.2915455122099595,1.536724417962897e-14,***,-0.3370288587741599
L_STG,Hilbert,delta,WS->TS,61,-0.42559724519301684,0.0015163506503655562,**,-0.08595364049108818
L_STG,Hilbert,delta,TS->ESS1,61,0.6436437305068817,4.790027539542596e-06,***,0.10241133777048818
L_STG,Hilbert,delta,ESS1->LSS1,61,1.6800814560146946,2.7745072593074756e-19,***,0.3948573912493378
L_STG,Hilbert,delta,WS->ESS1,61,0.06922985642157543,0.5907144117181552,ns,0.0164576972794
L_STG,Hilbert,delta,WS->LSS1,61,1.3265141633234199,5.4997071466073555e-15,***,0.4113150885287379
L_STG,Hilbert,theta,WS->TS,61,0.22067422177496232,0.08994438771679085,ns,0.031156615182382583
L_STG,Hilbert,theta,TS->ESS1,61,0.6750411012520192,1.936413236207114e-06,***,0.10774630582071154
L_STG,Hilbert,theta,ESS1->LSS1,61,1.4393675279335456,2.112575324658076e-16,***,0.32499328810155365
L_STG,Hilbert,theta,WS->ESS1,61,0.6061133174545205,1.3864027595865727e-05,***,0.13890292100309412
L_STG,Hilbert,theta,WS->LSS1,61,1.5584444144830654,7.500866584269985e-18,***,0.46389620910464774
L_STG,Hilbert,alpha1,WS->TS,61,-1.2631748772635003,3.55730081315885e-14,***,-0.23511272408738987
L_STG,Hilbert,alpha1,TS->ESS1,61,-1.711716633159108,1.1995083496981616e-19,***,-0.5087736253216253
L_STG,Hilbert,alpha1,ESS1->LSS1,61,-0.040087225691019086,0.7552970973048158,ns,-0.007815327219755284
L_STG,Hilbert,alpha1,WS->ESS1,61,-2.3643103992085255,1.9752867115207297e-26,***,-0.743886349409015
L_STG,Hilbert,alpha1,WS->LSS1,61,-2.208085520491808,6.294240615603527e-25,***,-0.7517016766287704
L_STG,Hilbert,alpha2,WS->TS,61,-0.7143105062414091,6.125954391823087e-07,***,-0.17675166612511098
L_STG,Hilbert,alpha2,TS->ESS1,61,-1.6812770095409948,2.6875764136018304e-19,***,-0.560877132240223
L_STG,Hilbert,alpha2,ESS1->LSS1,61,-0.24907206961095824,0.056426995464327945,ns,-0.04954653040837151
L_STG,Hilbert,alpha2,WS->ESS1,61,-1.8491927574704792,3.4338853910336066e-21,***,-0.7376287983653338
L_STG,Hilbert,alpha2,WS->LSS1,61,-2.083450719897879,1.1231030750128327e-23,***,-0.7871753287737057
L_STG,Hilbert,beta1,WS->TS,61,-0.9796164589043148,1.9324086196524897e-10,***,-0.11502964881290581
L_STG,Hilbert,beta1,TS->ESS1,61,-1.0290218359702217,4.238888723027975e-11,***,-0.1248599421217287
L_STG,Hilbert,beta1,ESS1->LSS1,61,0.8074331914511715,3.762356443126958e-08,***,0.14017682441512952
L_STG,Hilbert,beta1,WS->ESS1,61,-1.5367331849864185,1.3675595188091132e-17,***,-0.2398895909346345
L_STG,Hilbert,beta1,WS->LSS1,61,-0.4495223539970669,0.0008544724253960747,***,-0.09971276651950503
L_STG,Hilbert,beta2,WS->TS,61,-1.495678868564248,4.299805683441085e-17,***,-0.20224720330574905
L_STG,Hilbert,beta2,TS->ESS1,61,-1.457534541093419,1.2608002367488372e-16,***,-0.26794612215661173
L_STG,Hilbert,beta2,ESS1->LSS1,61,-0.3267154688568,0.013284651336216004,*,-0.05225744011503809
L_STG,Hilbert,beta2,WS->ESS1,61,-2.0683231860757267,1.6054105712233403e-23,***,-0.47019332546236087
L_STG,Hilbert,beta2,WS->LSS1,61,-2.5394266352464925,4.917838557747457e-28,***,-0.5224507655773989
L_STG,Hilbert,beta3,WS->TS,61,-0.4928802673595801,0.0002897377435699474,***,-0.06578900113616734
L_STG,Hilbert,beta3,TS->ESS1,61,-1.013439384170977,6.837490718612522e-11,***,-0.12325728443619849
L_STG,Hilbert,beta3,ESS1->LSS1,61,-0.621422485829607,9.012336749838753e-06,***,-0.10553080134536691
L_STG,Hilbert,beta3,WS->ESS1,61,-1.2456261290061839,5.993193827792569e-14,***,-0.18904628557236583
L_STG,Hilbert,beta3,WS->LSS1,61,-1.6513295883172843,5.985887146075382e-19,***,-0.29457708691773277
R_STG,Residual,delta,WS->TS,61,0.23015462482396518,0.07727827460806606,ns,0.03459257810633673
R_STG,Residual,delta,TS->ESS1,61,0.9357431077999804,7.442512210307685e-10,***,0.1423106091502219
R_STG,Residual,delta,ESS1->LSS1,61,0.6273790159083243,7.613669513447173e-06,***,0.12076504720970639
R_STG,Residual,delta,WS->ESS1,61,0.8956949721320429,2.545136914032745e-09,***,0.1769031872565586
R_STG,Residual,delta,WS->LSS1,61,1.3445381674090198,3.2485361959589776e-15,***,0.297668234466265
R_STG,Residual,theta,WS->TS,61,0.2950719864722508,0.02466675700290933,*,0.0485371561353589
R_STG,Residual,theta,TS->ESS1,61,0.44820746588616595,0.0008822298511069819,***,0.08141294574422459
R_STG,Residual,theta,ESS1->LSS1,61,0.731471798335834,3.6844268222296715e-07,***,0.11895816649153361
R_STG,Residual,theta,WS->ESS1,61,0.5997038899437532,1.6583338137395312e-05,***,0.1299501018795835
R_STG,Residual,theta,WS->LSS1,61,1.0977128263621894,5.186449900489051e-12,***,0.2489082683711171
R_STG,Residual,alpha1,WS->TS,61,-0.9915239427962282,1.3402754765200797e-10,***,-0.22328326074609742
R_STG,Residual,alpha1,TS->ESS1,61,-2.1656895923789836,1.656989424512301e-24,***,-0.6455018056820697
R_STG,Residual,alpha1,ESS1->LSS1,61,-0.5882420751368108,2.2801051711506707e-05,***,-0.11026668985618596
R_STG,Residual,alpha1,WS->ESS1,61,-2.666968005606948,3.751649138499705e-29,***,-0.8687850664281672
R_STG,Residual,alpha1,WS->LSS1,61,-2.949426225097389,1.7307990791506288e-31,***,-0.979051756284353
R_STG,Residual,alpha2,WS->TS,61,-0.4042048383652411,0.002494534092866734,**,-0.09834786630344147
R_STG,Residual,alpha2,TS->ESS1,61,-1.9074043104836522,7.969988623681144e-22,***,-0.5805727163542245
R_STG,Residual,alpha2,ESS1->LSS1,61,-0.3551218420144007,0.007377578525468792,**,-0.06374873969978734
R_STG,Residual,alpha2,WS->ESS1,61,-2.0007809330816615,8.076493474424802e-23,***,-0.6789205826576659
R_STG,Residual,alpha2,WS->LSS1,61,-2.059631024539138,1.972737337885385e-23,***,-0.7426693223574532
R_STG,Residual,beta1,WS->TS,61,-0.5490319501882968,6.645673988143774e-05,***,-0.08935636142111537
R_STG,Residual,beta1,TS->ESS1,61,-0.026431493047886015,0.8371488450199828,ns,-0.003019817301323585
R_STG,Residual,beta1,ESS1->LSS1,61,0.5984547519103873,1.7170919338981092e-05,***,0.10542663911440156
R_STG,Residual,beta1,WS->ESS1,61,-0.5081308781913283,0.00019570789326921057,***,-0.09237617872243897
R_STG,Residual,beta1,WS->LSS1,61,0.052682924164335274,0.6821964071817727,ns,0.013050460391962592
R_STG,Residual,beta2,WS->TS,61,-0.7673083711905493,1.2628415380827848e-07,***,-0.10937179478632768
R_STG,Residual,beta2,TS->ESS1,61,-0.7114368060351468,6.668308017307914e-07,***,-0.09421964023231727
R_STG,Residual,beta2,ESS1->LSS1,61,-0.1375170649782265,0.2871040888732964,ns,-0.013992720642251362
R_STG,Residual,beta2,WS->ESS1,61,-1.1576338335912566,8.407896684705961e-13,***,-0.20359143501864493
R_STG,Residual,beta2,WS->LSS1,61,-1.173839618725697,5.153982349979396e-13,***,-0.2175841556608963
R_STG,Residual,beta3,WS->TS,61,0.17892495745150114,0.1674249172634572,ns,0.02255064580702509
R_STG,Residual,beta3,TS->ESS1,61,0.4896217822387776,0.00031482973893035384,***,0.05304873875013762
R_STG,Residual,beta3,ESS1->LSS1,61,-0.6363948002200392,5.891932930149546e-06,***,-0.06176898236123157
R_STG,Residual,beta3,WS->ESS1,61,0.541589204968782,8.11220687110375e-05,***,0.07559938455716272
R_STG,Residual,beta3,WS->LSS1,61,0.08186132840975525,0.5250240445038002,ns,0.01383040219593113
R_STG,IRASA,delta,WS->TS,61,-0.021084073583821816,0.8697557783824471,ns,-0.009292125876327677
R_STG,IRASA,delta,TS->ESS1,61,0.4303361880290102,0.0013553755180811227,**,0.1520393394648938
R_STG,IRASA,delta,ESS1->LSS1,61,0.8837166822781837,3.6742624844562705e-09,***,0.406390749463866
R_STG,IRASA,delta,WS->ESS1,61,0.3272274139360152,0.013148103305957254,*,0.14274721358856615
R_STG,IRASA,delta,WS->LSS1,61,1.2203658189554902,1.273809677610412e-13,***,0.5491379630524321
R_STG,IRASA,theta,WS->TS,61,0.13867981179598263,0.2830869921651075,ns,0.04161285685820534
R_STG,IRASA,theta,TS->ESS1,61,0.2741155424500477,0.03635369114493676,*,0.07562962959931527
R_STG,IRASA,theta,ESS1->LSS1,61,0.9162746705673666,1.353434399558767e-09,***,0.38230339081986675
R_STG,IRASA,theta,WS->ESS1,61,0.3157235217022143,0.016543846918230826,*,0.11724248645752061
R_STG,IRASA,theta,WS->LSS1,61,1.0519276734930878,2.1008766561928766e-11,***,0.49954587727738725
R_STG,IRASA,alpha1,WS->TS,61,-1.0339157721314756,3.648192059302637e-11,***,-0.29910502542636397
R_STG,IRASA,alpha1,TS->ESS1,61,-1.3717609870605174,1.4728402856970843e-15,***,-0.4923858736352139
R_STG,IRASA,alpha1,ESS1->LSS1,61,0.04907701913144246,0.7028493101100026,ns,0.012127733900146763
R_STG,IRASA,alpha1,WS->ESS1,61,-1.973967051769121,1.548179327123341e-22,***,-0.791490899061578
R_STG,IRASA,alpha1,WS->LSS1,61,-1.858923989330334,2.6850984922862534e-21,***,-0.779363165161431
R_STG,IRASA,alpha2,WS->TS,61,-0.5499308591932078,6.487001828421954e-05,***,-0.19586806450551972
R_STG,IRASA,alpha2,TS->ESS1,61,-1.2828332244730387,1.9874997176027847e-14,***,-0.5421047996074203
R_STG,IRASA,alpha2,ESS1->LSS1,61,0.22458647704035406,0.08452364524683846,ns,0.06840913982826463
R_STG,IRASA,alpha2,WS->ESS1,61,-1.690974919420898,2.076809196040651e-19,***,-0.73797286411294
R_STG,IRASA,alpha2,WS->LSS1,61,-1.5453119981171908,1.0781859636759307e-17,***,-0.6695637242846754
R_STG,IRASA,beta1,WS->TS,61,-0.682282055900999,1.5683820712745964e-06,***,-0.1659892015007633
R_STG,IRASA,beta1,TS->ESS1,61,-0.25152174718842424,0.054114777772409355,ns,-0.04316008287062431
R_STG,IRASA,beta1,ESS1->LSS1,61,0.6553303693201044,3.424872154746968e-06,***,0.1518256027384959
R_STG,IRASA,beta1,WS->ESS1,61,-0.7398258082425965,2.873552871630266e-07,***,-0.2091492843713877
R_STG,IRASA,beta1,WS->LSS1,61,-0.18679643577105223,0.1498008088945906,ns,-0.057323681632891726
R_STG,IRASA,beta2,WS->TS,61,-0.7830027868692391,7.874748352550339e-08,***,-0.1652146291246759
R_STG,IRASA,beta2,TS->ESS1,61,-1.16101545246322,7.590878262612013e-13,***,-0.19612482332107417
R_STG,IRASA,beta2,ESS1->LSS1,61,-0.16903515822659995,0.1917804247961683,ns,-0.03379836078623564
R_STG,IRASA,beta2,WS->ESS1,61,-1.486176759311951,5.61550246156491e-17,***,-0.36133945244575
R_STG,IRASA,beta2,WS->LSS1,61,-1.6579699918558752,5.009022631388941e-19,***,-0.39513781323198566
R_STG,IRASA,beta3,WS->TS,61,-0.3225782444182482,0.014436166952232323,*,-0.05771505388218129
R_STG,IRASA,beta3,TS->ESS1,61,-0.45929836656557643,0.0006726502837099783,***,-0.07343541628501277
R_STG,IRASA,beta3,ESS1->LSS1,61,-0.6134804898777477,1.1274408303080398e-05,***,-0.12354900360198182
R_STG,IRASA,beta3,WS->ESS1,61,-0.7125856259266667,6.446026191872447e-07,***,-0.13115047016719406
R_STG,IRASA,beta3,WS->LSS1,61,-1.1100442894496556,3.562456739699593e-12,***,-0.25469947376917584
R_STG,Hilbert,delta,WS->TS,61,-0.2923220808394703,0.02598098442724677,*,-0.06962829387905284
R_STG,Hilbert,delta,TS->ESS1,61,0.761228495381093,1.5155965466711397e-07,***,0.1460797627404858
R_STG,Hilbert,delta,ESS1->LSS1,61,1.5953178807923702,2.7273751538353407e-18,***,0.4336929661080193
R_STG,Hilbert,delta,WS->ESS1,61,0.28756004632262433,0.02840410396162132,*,0.076451468861433
R_STG,Hilbert,delta,WS->LSS1,61,1.5235472070238525,1.9730016531800417e-17,***,0.5101444349694524
R_STG,Hilbert,theta,WS->TS,61,0.33011680977946134,0.012401009616852043,*,0.047418628645443016
R_STG,Hilbert,theta,TS->ESS1,61,0.7182697451207444,5.449432062037174e-07,***,0.13409617835506232
R_STG,Hilbert,theta,ESS1->LSS1,61,1.426253014308231,3.0710641130478667e-16,***,0.38491972660289836
R_STG,Hilbert,theta,WS->ESS1,61,0.6779521144064656,1.7792220685502545e-06,***,0.18151480700050535
R_STG,Hilbert,theta,WS->LSS1,61,1.7255282756372203,8.338184628122592e-20,***,0.5664345336034037
R_STG,Hilbert,alpha1,WS->TS,61,-1.2699880553431364,2.906594505639277e-14,***,-0.22549881193419238
R_STG,Hilbert,alpha1,TS->ESS1,61,-1.615609795243032,1.570048696397903e-18,***,-0.46422609321696384
R_STG,Hilbert,alpha1,ESS1->LSS1,61,0.390891153974719,0.003374978160017931,**,0.0722904428338958
R_STG,Hilbert,alpha1,WS->ESS1,61,-2.2811818420233556,1.221060761253844e-25,***,-0.6897249051511564
R_STG,Hilbert,alpha1,WS->LSS1,61,-1.972289161791295,1.6128066465823842e-22,***,-0.6174344623172606
R_STG,Hilbert,alpha2,WS->TS,61,-0.7393298243624143,2.9163283163629975e-07,***,-0.16544329478982342
R_STG,Hilbert,alpha2,TS->ESS1,61,-1.6073729552599891,1.9637989209412722e-18,***,-0.4614510285199735
R_STG,Hilbert,alpha2,ESS1->LSS1,61,0.3308865578515576,0.01220858975982033,*,0.04828641355252847
R_STG,Hilbert,alpha2,WS->ESS1,61,-1.897788413150209,1.0126663827700868e-21,***,-0.6268943233097971
R_STG,Hilbert,alpha2,WS->LSS1,61,-1.8509706200322424,3.282808233773521e-21,***,-0.5786079097572685
R_STG,Hilbert,beta1,WS->TS,61,-0.7948878451828848,5.500416524513729e-08,***,-0.0927638896120238
R_STG,Hilbert,beta1,TS->ESS1,61,-0.6205480274880526,9.23779961656655e-06,***,-0.06519623071232536
R_STG,Hilbert,beta1,ESS1->LSS1,61,0.8158657963480205,2.913153193638796e-08,***,0.14105818557308705
R_STG,Hilbert,beta1,WS->ESS1,61,-1.058972443670457,1.6933661087371586e-11,***,-0.15796012032434917
R_STG,Hilbert,beta1,WS->LSS1,61,-0.08099433913790849,0.5294075058867013,ns,-0.016901934751262084
R_STG,Hilbert,beta2,WS->TS,61,-1.2566402693993242,4.319002985527385e-14,***,-0.1704011894086194
R_STG,Hilbert,beta2,TS->ESS1,61,-1.2845398371676033,1.889766815988476e-14,***,-0.17432910125418102
R_STG,Hilbert,beta2,ESS1->LSS1,61,-0.122998838748124,0.3405828204915109,ns,-0.018565065565441637
R_STG,Hilbert,beta2,WS->ESS1,61,-1.8594971143168626,2.646540484965825e-21,***,-0.3447302906628005
R_STG,Hilbert,beta2,WS->LSS1,61,-2.0569550000313166,2.1021616876570758e-23,***,-0.36329535622824205
R_STG,Hilbert,beta3,WS->TS,61,-0.2552507345118339,0.05075082746666693,ns,-0.03260673126862275
R_STG,Hilbert,beta3,TS->ESS1,61,-0.5057922655451377,0.00020792361839728712,***,-0.056315589202237
R_STG,Hilbert,beta3,ESS1->LSS1,61,-0.7344794432605045,3.36929329565804e-07,***,-0.10922663193122102
R_STG,Hilbert,beta3,WS->ESS1,61,-0.6031705087262641,1.5053658200420843e-05,***,-0.08892232047085971
R_STG,Hilbert,beta3,WS->LSS1,61,-1.3896215679204589,8.789846807786334e-16,***,-0.19814895240208075
Occipital,Residual,delta,WS->TS,61,-0.12398021838542288,0.33677352362620216,ns,-0.024015175745429516
Occipital,Residual,delta,TS->ESS1,61,0.4735356624763674,0.0004724422085414591,***,0.07421789357878182
Occipital,Residual,delta,ESS1->LSS1,61,-0.03940532687877682,0.7593266581408024,ns,-0.006692769849635048
Occipital,Residual,delta,WS->ESS1,61,0.2335506696623482,0.07311943657516246,ns,0.050202717833352305
Occipital,Residual,delta,WS->LSS1,61,0.17506410512486092,0.17663363515066113,ns,0.04350994798371726
Occipital,Residual,theta,WS->TS,61,0.09134985928988344,0.47832398313811075,ns,0.017701840803103358
Occipital,Residual,theta,TS->ESS1,61,0.2919352646905604,0.026170745224826764,*,0.057744555083763666
Occipital,Residual,theta,ESS1->LSS1,61,-0.007482573457313485,0.9535917465358256,ns,-0.0010493319308890665
Occipital,Residual,theta,WS->ESS1,61,0.3776917230986494,0.004527546557013738,**,0.07544639588686702
Occipital,Residual,theta,WS->LSS1,61,0.3806984429462432,0.004236691100267975,**,0.07439706395597798
Occipital,Residual,alpha1,WS->TS,61,-0.598597375816947,1.710281593594219e-05,***,-0.1645522100777185
Occipital,Residual,alpha1,TS->ESS1,61,-1.8865183370448961,1.3420126995131328e-21,***,-0.6389131455277148
Occipital,Residual,alpha1,ESS1->LSS1,61,-0.4841329629023207,0.0003618772682123765,***,-0.0911433535142426
Occipital,Residual,alpha1,WS->ESS1,61,-2.1484170478154287,2.466877677221752e-24,***,-0.8034653556054336
Occipital,Residual,alpha1,WS->LSS1,61,-2.396730536476059,9.826417688056743e-27,***,-0.8946087091196759
Occipital,Residual,alpha2,WS->TS,61,-0.45128775839191804,0.0008185077801405894,***,-0.12315969229916075
Occipital,Residual,alpha2,TS->ESS1,61,-1.311862147521726,8.450920313570043e-15,***,-0.44998724305506593
Occipital,Residual,alpha2,ESS1->LSS1,61,-0.04354073465782367,0.7349959892690625,ns,-0.006951193057429173
Occipital,Residual,alpha2,WS->ESS1,61,-1.4324325223940424,2.5743198043687577e-16,***,-0.5731469353542267
Occipital,Residual,alpha2,WS->LSS1,61,-1.358278404099688,2.177808872295311e-15,***,-0.5800981284116559
Occipital,Residual,beta1,WS->TS,61,-0.6018486058273919,1.5619968222509452e-05,***,-0.08063163685487795
Occipital,Residual,beta1,TS->ESS1,61,0.2537639604371584,0.05206991095859316,ns,0.02844544475665156
Occipital,Residual,beta1,ESS1->LSS1,61,0.34917294472366106,0.00836532882573427,**,0.04531115679227185
Occipital,Residual,beta1,WS->ESS1,61,-0.3357631951550148,0.011051274215071863,*,-0.05218619209822639
Occipital,Residual,beta1,WS->LSS1,61,-0.038456551488103556,0.7649444192304313,ns,-0.0068750353059545246
Occipital,Residual,beta2,WS->TS,61,-0.3854437289796295,0.0038127806647786926,**,-0.0633721955552444
Occipital,Residual,beta2,TS->ESS1,61,-0.524355374924046,0.00012810802861078053,***,-0.08096672278922122
Occipital,Residual,beta2,ESS1->LSS1,61,-0.047773420454528204,0.7103723927140809,ns,-0.004541652587642235
Occipital,Residual,beta2,WS->ESS1,61,-0.7751948447461208,9.962780143028978e-08,***,-0.1443389183444656
Occipital,Residual,beta2,WS->LSS1,61,-0.73569908116612,3.249237099463967e-07,***,-0.14888057093210785
Occipital,Residual,beta3,WS->TS,61,0.3013948817031295,0.021866444663199053,*,0.028678305881659216
Occipital,Residual,beta3,TS->ESS1,61,0.3807933444602885,0.004227799995801263,**,0.041177856509414454
Occipital,Residual,beta3,ESS1->LSS1,61,-0.24540002587656506,0.06005061519404181,ns,-0.020835793343153185
Occipital,Residual,beta3,WS->ESS1,61,0.6108114898693973,1.215269793083459e-05,***,0.06985616239107369
Occipital,Residual,beta3,WS->LSS1,61,0.35964042375746996,0.006700263769024663,**,0.04902036904792049
Occipital,IRASA,delta,WS->TS,61,-0.13652382738776858,0.29056666000897124,ns,-0.07386160632414533
Occipital,IRASA,delta,TS->ESS1,61,0.28025842880953,0.03250737239576919,*,0.12663568294072153
Occipital,IRASA,delta,ESS1->LSS1,61,0.3881567604374446,0.003588516236277368,**,0.22625150928145346
Occipital,IRASA,delta,WS->ESS1,61,0.09107772803826325,0.47963016105675405,ns,0.05277407661657618
Occipital,IRASA,delta,WS->LSS1,61,0.5390311244528552,8.685203958542575e-05,***,0.2790255858980297
Occipital,IRASA,theta,WS->TS,61,-0.13793801240505882,0.2856452534748326,ns,-0.0400401552739527
Occipital,IRASA,theta,TS->ESS1,61,0.15141783848110618,0.24162854133067432,ns,0.04338457958038966
Occipital,IRASA,theta,ESS1->LSS1,61,0.40221123270025727,0.002611018886911783,**,0.1422448249179932
Occipital,IRASA,theta,WS->ESS1,61,0.009325929588284824,0.9421774326106835,ns,0.0033444243064369465
Occipital,IRASA,theta,WS->LSS1,61,0.3992042563414883,0.0027963922967241066,**,0.14558924922443006
Occipital,IRASA,alpha1,WS->TS,61,-1.1343406681390802,1.7025297708601372e-12,***,-0.3734968994257305
Occipital,IRASA,alpha1,TS->ESS1,61,-1.4970148340044727,4.141634901107359e-17,***,-0.6855244278673267
Occipital,IRASA,alpha1,ESS1->LSS1,61,-0.125782829232145,0.32985002299833893,ns,-0.03978751818423241
Occipital,IRASA,alpha1,WS->ESS1,61,-2.2619139950336367,1.8747586792348286e-25,***,-1.0590213272930573
Occipital,IRASA,alpha1,WS->LSS1,61,-2.1733344490789723,1.3903233710699305e-24,***,-1.0988088454772895
Occipital,IRASA,alpha2,WS->TS,61,-0.7922747368800049,5.952444965181715e-08,***,-0.2738972402681915
Occipital,IRASA,alpha2,TS->ESS1,61,-1.182827601581769,3.930964406287655e-13,***,-0.4993433529319199
Occipital,IRASA,alpha2,ESS1->LSS1,61,-0.14462209465916478,0.2631679778322267,ns,-0.03369557009149403
Occipital,IRASA,alpha2,WS->ESS1,61,-1.456972700476251,1.2810410696451922e-16,***,-0.7732405932001114
Occipital,IRASA,alpha2,WS->LSS1,61,-1.532920185119072,1.520258214425055e-17,***,-0.8069361632916053
Occipital,IRASA,beta1,WS->TS,61,-1.035574211259575,3.467340139334463e-11,***,-0.19046625607940576
Occipital,IRASA,beta1,TS->ESS1,61,-0.19333625728469603,0.13629097331827383,ns,-0.0415526018660407
Occipital,IRASA,beta1,ESS1->LSS1,61,0.06907137741476915,0.5915626694878857,ns,0.01343926159867482
Occipital,IRASA,beta1,WS->ESS1,61,-0.8755957026174417,4.711786864439381e-09,***,-0.2320188579454464
Occipital,IRASA,beta1,WS->LSS1,61,-0.8293405709929706,1.9341286049631726e-08,***,-0.21857959634677165
Occipital,IRASA,beta2,WS->TS,61,-0.6508175352550343,3.899495849073398e-06,***,-0.15092988239369753
Occipital,IRASA,beta2,TS->ESS1,61,-0.8473442915026728,1.1174259019948861e-08,***,-0.2180068872216891
Occipital,IRASA,beta2,ESS1->LSS1,61,-0.2075567515641836,0.11024670178700215,ns,-0.04477026342788102
Occipital,IRASA,beta2,WS->ESS1,61,-1.1817380659440315,4.062102054553034e-13,***,-0.3689367696153866
Occipital,IRASA,beta2,WS->LSS1,61,-1.4700356196326183,8.851364325796681e-17,***,-0.4137070330432676
Occipital,IRASA,beta3,WS->TS,61,-0.2987078298481308,0.023019895457205522,*,-0.06091225776846537
Occipital,IRASA,beta3,TS->ESS1,61,-0.43999438835132915,0.001075968015797723,**,-0.08690579175431196
Occipital,IRASA,beta3,ESS1->LSS1,61,-0.5025330574158505,0.00022617846615301352,***,-0.10625330779698722
Occipital,IRASA,beta3,WS->ESS1,61,-0.6625030868000062,2.7848198184993857e-06,***,-0.14781804952277736
Occipital,IRASA,beta3,WS->LSS1,61,-1.1163628081159565,2.939429004336978e-12,***,-0.25407135731976455
Occipital,Hilbert,delta,WS->TS,61,-0.5919673278050028,2.0564942583134955e-05,***,-0.1751377566420683
Occipital,Hilbert,delta,TS->ESS1,61,0.43627728244534086,0.0011763370805964264,**,0.07355752840643305
Occipital,Hilbert,delta,ESS1->LSS1,61,1.0780919409218053,9.438096466922409e-12,***,0.2778725389917514
Occipital,Hilbert,delta,WS->ESS1,61,-0.27926697316330584,0.0331029014978045,*,-0.10158022823563523
Occipital,Hilbert,delta,WS->LSS1,61,0.46408804395563824,0.0005976476871701365,***,0.1762923107561162
Occipital,Hilbert,theta,WS->TS,61,-0.22508704163666537,0.08385003695908508,ns,-0.03269792853577416
Occipital,Hilbert,theta,TS->ESS1,61,0.3139318260515544,0.017138616422043132,*,0.04928916141986232
Occipital,Hilbert,theta,ESS1->LSS1,61,1.2374887561610903,7.637829660556961e-14,***,0.17521080983105194
Occipital,Hilbert,theta,WS->ESS1,61,0.07797920704489214,0.544799078452982,ns,0.01659123288408816
Occipital,Hilbert,theta,WS->LSS1,61,0.8440763968940047,1.2345648605492865e-08,***,0.1918020427151401
Occipital,Hilbert,alpha1,WS->TS,61,-1.2631871338206708,3.5560073455621505e-14,***,-0.2534336783331861
Occipital,Hilbert,alpha1,TS->ESS1,61,-1.6445984333122419,7.173224934537126e-19,***,-0.6043582360153962
Occipital,Hilbert,alpha1,ESS1->LSS1,61,-0.13686825182423032,0.2893626980053428,ns,-0.026252760489860447
Occipital,Hilbert,alpha1,WS->ESS1,61,-2.3810244786442336,1.3769955374179531e-26,***,-0.8577919143485824
Occipital,Hilbert,alpha1,WS->LSS1,61,-2.3471930403456134,2.8636611870338603e-26,***,-0.8840446748384426
Occipital,Hilbert,alpha2,WS->TS,61,-0.7407646183754399,2.7942790144076536e-07,***,-0.18583890973705366
Occipital,Hilbert,alpha2,TS->ESS1,61,-1.4969331205178782,4.151138437369014e-17,***,-0.44211346366895354
Occipital,Hilbert,alpha2,ESS1->LSS1,61,-0.07900111390275498,0.53955704024595,ns,-0.010628609434318212
Occipital,Hilbert,alpha2,WS->ESS1,61,-1.8169087197786444,7.806520504664816e-21,***,-0.6279523734060072
Occipital,Hilbert,alpha2,WS->LSS1,61,-1.728153104344661,7.782707790728181e-20,***,-0.6385809828403256
Occipital,Hilbert,beta1,WS->TS,61,-0.9709075848370187,2.5254699401542535e-10,***,-0.11008987963150052
Occipital,Hilbert,beta1,TS->ESS1,61,-0.5435752907685092,7.692756684742972e-05,***,-0.06719820049052408
Occipital,Hilbert,beta1,ESS1->LSS1,61,0.16625935611636522,0.19907509889412267,ns,0.02150508362977568
Occipital,Hilbert,beta1,WS->ESS1,61,-1.1234646313129935,2.3686811111972905e-12,***,-0.1772880801220246
Occipital,Hilbert,beta1,WS->LSS1,61,-0.9189087186686594,1.2482731464879978e-09,***,-0.15578299649224892
Occipital,Hilbert,beta2,WS->TS,61,-0.9990451368570071,1.0637803282171135e-10,***,-0.16653357010056602
Occipital,Hilbert,beta2,TS->ESS1,61,-1.1682356662445226,6.103508803762266e-13,***,-0.18468358916055447
Occipital,Hilbert,beta2,ESS1->LSS1,61,-0.40802576699806586,0.00228477656735508,**,-0.0640548257485019
Occipital,Hilbert,beta2,WS->ESS1,61,-1.5645461856828673,6.340009699941342e-18,***,-0.3512171592611205
Occipital,Hilbert,beta2,WS->LSS1,61,-1.8554092095460073,2.9343207570132817e-21,***,-0.4152719850096223
Occipital,Hilbert,beta3,WS->TS,61,-0.45743553000234627,0.000704176855101363,***,-0.05587589426871817
Occipital,Hilbert,beta3,TS->ESS1,61,-0.7239017255181329,4.6124583426870353e-07,***,-0.08442282064330105
Occipital,Hilbert,beta3,ESS1->LSS1,61,-0.64245851740521,4.955232916239521e-06,***,-0.10362230113436902
Occipital,Hilbert,beta3,WS->ESS1,61,-0.9673820887711271,2.814510187873512e-10,***,-0.14029871491201915
Occipital,Hilbert,beta3,WS->LSS1,61,-1.4360776962859318,2.3201648450645777e-16,***,-0.24392101604638822
