roi,stage,aperiodic_exponent_mean,aperiodic_exponent_std,aperiodic_exponent_sem,aperiodic_offset_mean,aperiodic_offset_std,aperiodic_offset_sem,power_delta_mean,power_delta_std,power_delta_sem,log10_power_delta_mean,log10_power_delta_std,log10_power_delta_sem,delta_peak_cf_hz_mean,delta_peak_cf_hz_std,delta_peak_cf_hz_sem,delta_peak_height_log10_mean,delta_peak_height_log10_std,delta_peak_height_log10_sem,delta_peak_power_log10_mean,delta_peak_power_log10_std,delta_peak_power_log10_sem,delta_peak_present_mean,delta_peak_present_std,delta_peak_present_sem,power_theta_mean,power_theta_std,power_theta_sem,log10_power_theta_mean,log10_power_theta_std,log10_power_theta_sem,theta_peak_cf_hz_mean,theta_peak_cf_hz_std,theta_peak_cf_hz_sem,theta_peak_height_log10_mean,theta_peak_height_log10_std,theta_peak_height_log10_sem,theta_peak_power_log10_mean,theta_peak_power_log10_std,theta_peak_power_log10_sem,theta_peak_present_mean,theta_peak_present_std,theta_peak_present_sem,power_alpha1_mean,power_alpha1_std,power_alpha1_sem,log10_power_alpha1_mean,log10_power_alpha1_std,log10_power_alpha1_sem,alpha1_peak_cf_hz_mean,alpha1_peak_cf_hz_std,alpha1_peak_cf_hz_sem,alpha1_peak_height_log10_mean,alpha1_peak_height_log10_std,alpha1_peak_height_log10_sem,alpha1_peak_power_log10_mean,alpha1_peak_power_log10_std,alpha1_peak_power_log10_sem,alpha1_peak_present_mean,alpha1_peak_present_std,alpha1_peak_present_sem,power_alpha2_mean,power_alpha2_std,power_alpha2_sem,log10_power_alpha2_mean,log10_power_alpha2_std,log10_power_alpha2_sem,alpha2_peak_cf_hz_mean,alpha2_peak_cf_hz_std,alpha2_peak_cf_hz_sem,alpha2_peak_height_log10_mean,alpha2_peak_height_log10_std,alpha2_peak_height_log10_sem,alpha2_peak_power_log10_mean,alpha2_peak_power_log10_std,alpha2_peak_power_log10_sem,alpha2_peak_present_mean,alpha2_peak_present_std,alpha2_peak_present_sem,power_beta1_mean,power_beta1_std,power_beta1_sem,log10_power_beta1_mean,log10_power_beta1_std,log10_power_beta1_sem,beta1_peak_cf_hz_mean,beta1_peak_cf_hz_std,beta1_peak_cf_hz_sem,beta1_peak_height_log10_mean,beta1_peak_height_log10_std,beta1_peak_height_log10_sem,beta1_peak_power_log10_mean,beta1_peak_power_log10_std,beta1_peak_power_log10_sem,beta1_peak_present_mean,beta1_peak_present_std,beta1_peak_present_sem,power_beta2_mean,power_beta2_std,power_beta2_sem,log10_power_beta2_mean,log10_power_beta2_std,log10_power_beta2_sem,beta2_peak_cf_hz_mean,beta2_peak_cf_hz_std,beta2_peak_cf_hz_sem,beta2_peak_height_log10_mean,beta2_peak_height_log10_std,beta2_peak_height_log10_sem,beta2_peak_power_log10_mean,beta2_peak_power_log10_std,beta2_peak_power_log10_sem,beta2_peak_present_mean,beta2_peak_present_std,beta2_peak_present_sem,power_beta3_mean,power_beta3_std,power_beta3_sem,log10_power_beta3_mean,log10_power_beta3_std,log10_power_beta3_sem,beta3_peak_cf_hz_mean,beta3_peak_cf_hz_std,beta3_peak_cf_hz_sem,beta3_peak_height_log10_mean,beta3_peak_height_log10_std,beta3_peak_height_log10_sem,beta3_peak_power_log10_mean,beta3_peak_power_log10_std,beta3_peak_power_log10_sem,beta3_peak_present_mean,beta3_peak_present_std,beta3_peak_present_sem,power_broadband_mean,power_broadband_std,power_broadband_sem,log10_power_broadband_mean,log10_power_broadband_std,log10_power_broadband_sem
FC_midline,ESS1,1.6503411646316524,0.25578095813695767,0.032749395826102735,1.6087693100319755,0.30422737138642786,0.03895232342250461,21.37878489776232,9.138594890581652,1.1700771767607796,1.2920297525180584,0.18595600693506217,0.023809226932745325,3.0163934426229506,0.7498178285132223,0.09600433528089224,0.05458640920227977,0.10734584947658926,0.013744227640728782,0.885340597495099,0.25688490038982287,0.032890741147785695,0.639344262295082,0.48417582499356243,0.061992361971111604,12.830178161629279,7.657167513650373,0.9803998375713244,1.0418019103899132,0.24177323194237596,0.0309558902691942,6.209016393442623,1.1745392074029608,0.1503843354747317,0.3075642713527206,0.10558571616767483,0.013518865663589416,0.6248839369397541,0.2834015372711122,0.03628584860037953,1.0,0.0,0.0,4.061239105685856,2.4550243571035857,0.3143336588428069,0.5465317252595571,0.22908391695159777,0.029331189969289236,8.96311475409836,0.6548474147555458,0.08384461981742314,0.36134202464140674,0.18911207715328762,0.024213320316336048,0.39966212611163654,0.2629236536240997,0.03366392427058718,1.0,0.0,0.0,2.189317231592567,1.1937502068218908,0.15284405190072417,0.2783688861961099,0.23645404357068567,0.030274837986307635,11.028688524590164,0.4474426421708006,0.05728915985248053,0.3640247057333139,0.1832870221323327,0.023467498446015526,0.2524778575760992,0.2543881722082399,0.03257106786137527,0.9836065573770492,0.12803687993289598,0.01639344262295082,3.038778797631507,1.3871469195329817,0.1776059635855309,0.4430118571189695,0.18235710932559107,0.02334843531163069,14.53688524590164,1.809026018776961,0.23162204716163054,0.22859633465843374,0.11833314289634671,0.015151006409101764,-0.07458253932905731,0.20929271912743777,0.02679718674974907,0.9672131147540983,0.1795562228341584,0.022989818544221455,0.8666329911085835,0.4018417321853543,0.05145056161584315,-0.10674965590746842,0.19849548953614085,0.025414743160960276,19.668032786885245,0.8437531623093945,0.10803152233560924,0.14349882808989617,0.07625685070728687,0.009763689238069662,-0.38139323820065685,0.20219460974567882,0.02588836697108624,0.9672131147540983,0.1795562228341584,0.02298981854422145,1.6178775878876748,0.9342077638623628,0.11961304729402458,0.1447011837497156,0.23863789535365956,0.030554451554835504,23.66393442622951,2.053394164701072,0.26291018212074035,0.14348909493628995,0.07645784259891696,0.00978942361276579,-0.5118214320135223,0.21991112693555387,0.028156734555355355,0.9836065573770492,0.12803687993289598,0.01639344262295082,51.84422192157266,22.6913203057018,2.905325853500026,1.6762962680917761,0.18389692014471148,0.023545587884597784
FC_midline,LSS1,2.071679285642074,0.26441774938120177,0.03385522362964751,2.1269385584180243,0.3451160093447718,0.04418757705139676,50.316349173014075,26.661691249174044,3.4136797612784404,1.6459685668379411,0.22361717706626558,0.028631245650966586,3.3114754098360657,0.24003358143930453,0.030733150846607243,0.1762571376893573,0.13911757213390127,0.01781217987986431,1.228948151244061,0.29886590136368335,0.03826585752893866,0.9344262295081968,0.24958982745138694,0.03195670276986545,27.342530216081844,18.241918826799022,2.335638370572501,1.3463411682394812,0.2855598391438562,0.036562190838119,5.795081967213115,0.9847886794482353,0.1260892699097889,0.3806553974913409,0.13814074766493167,0.017687110322615333,0.9444405189850419,0.3639692006034812,0.04660148083694005,1.0,0.0,0.0,3.996735554158606,1.7802050641267855,0.2279319020515346,0.5555277842461308,0.20888461068982103,0.02674493381872233,8.954918032786885,0.6944845161480556,0.08891963060930395,0.23313974133590976,0.10116922627228102,0.01295339207712803,0.39049859668669434,0.23792852514601787,0.03046362600673171,1.0,0.0,0.0,2.1533192936357475,1.4771093091624201,0.1891244672649917,0.24543397916060833,0.2799610817461257,0.035845343409412374,11.098360655737705,0.45707103870867766,0.05852194970394701,0.2360540012328967,0.17225462126113036,0.022054944260297818,0.19883795690784523,0.30029280878189624,0.038448554302719734,0.9508196721311475,0.21803894974650143,0.02791702682938754,4.103499236010995,2.288635837637226,0.2930297919536803,0.5523641051138504,0.2310150183520895,0.029578442167442244,14.807377049180328,1.4981887972252188,0.1918234191471352,0.3324837630207252,0.17846626411946992,0.022850263631137072,0.03993383196040196,0.29435901800295794,0.03768881024520989,1.0,0.0,0.0,0.7652656259098115,0.3656237943210734,0.04681332985409713,-0.15960260572052481,0.19333729557279541,0.024754304099804825,19.75409836065574,0.8726060146656114,0.11172575152846376,0.11985509718858492,0.07105251840565285,0.009097342768034457,-0.4353273940716092,0.1973363815375608,0.025266334589316822,0.9508196721311475,0.21803894974650143,0.02791702682938754,1.284283495988515,0.7543977680275665,0.09659073644659025,0.05093563986728433,0.22090787272738704,0.028284354776627923,23.84016393442623,1.8056813042941984,0.2311938003549913,0.09342627472497635,0.0767769941972141,0.009830286787637352,-0.6304530667774743,0.23433395969541787,0.030003389061722303,0.9180327868852459,0.27659127289275987,0.03541388359785716,100.5061925087731,51.385445346970826,6.579232096188491,1.9464767690752507,0.22575095264962441,0.028904447619136846
FC_midline,TS,1.4317796103795954,0.2763490177194522,0.03538286600131924,1.5283993027582679,0.36747211127993834,0.04704998259063726,17.492653494587877,8.993644061070457,1.1515181248064812,1.1878054357631838,0.2244096636089625,0.028732713155282304,2.487704918032787,0.9436478747262721,0.12082172963526017,-0.0896338122264448,0.15373509904448437,0.019683762417830514,0.9029782278285463,0.31584454864706196,0.04043975055258359,0.21311475409836064,0.41290653092278473,0.05286726392326918,10.369290067466203,6.130978688408797,0.7849913821989413,0.9433751103525906,0.25815675179895536,0.03305358503394928,6.569672131147541,1.1955918579140552,0.15307985116048992,0.2219763757621646,0.1563400250881011,0.020017289020911145,0.5833970731010394,0.28695526953359646,0.03674085739138489,0.9836065573770492,0.12803687993289598,0.01639344262295082,21.061356721048785,17.512981797026583,2.2423075476128855,1.15744013717661,0.4093705932466295,0.0524145334955771,9.807377049180328,0.29366024381556,0.03759934137847781,1.065280094366489,0.371986712438954,0.04762801803717905,1.174749440864708,0.45785187391197935,0.058621925407119524,1.0,0.0,0.0,12.661155837084163,10.574029047633871,1.3538656875788522,0.9621739381558924,0.3613989883717505,0.04627239888202389,10.778688524590164,0.47674757615127894,0.06104127216598048,1.0514409586533597,0.34372285690525234,0.04400920215976978,1.1026389327143427,0.39319316133485527,0.050343225588266656,1.0,0.0,0.0,4.544607084811307,3.06188154118768,0.3920337592577975,0.5860447157559818,0.23681580349590498,0.03032115659841747,14.344262295081966,2.1258154976513466,0.272182783632275,0.2638382802974872,0.14396222614030957,0.018432474263199234,0.14356355016487854,0.2970054534429114,0.03802765158188537,0.9672131147540983,0.1795562228341584,0.02298981854422145,1.7707149492540748,1.0643495181453941,0.1362759914614175,0.1809678369391965,0.23872814877235804,0.030566007320968935,19.733606557377048,0.8451686868842326,0.10821276168563985,0.27714103435322707,0.16185418449863284,0.020723304787288246,-0.04714532053088659,0.25536801532565057,0.03269652391695226,0.9836065573770492,0.12803687993289598,0.01639344262295082,2.1923974774666455,1.193628854789967,0.15282851436518313,0.276901645855572,0.24513673371643843,0.03138654254199392,22.471311475409838,1.6968711161132577,0.21726208335539238,0.14359647101441492,0.1275488443136674,0.016330956064968673,-0.26092395064385854,0.2411165249904031,0.03087180756003335,0.8524590163934426,0.35758754516763636,0.045784393586127674,84.78683204027796,48.60984168934668,6.2238524639359625,1.8629294091820947,0.243345789887603,0.031157235682014756
FC_midline,WS,1.3632182375498894,0.2590051845598263,0.033162215717484046,1.5662329295223112,0.35659889097450764,0.045657809387906895,22.501952561307952,18.441765647620922,2.3612261339750455,1.26832312230782,0.25755792813213113,0.03297691352001913,1.9959016393442623,0.9546943263844196,0.12223608283989894,-0.11213906301909912,0.17216912642273854,0.022043997767939763,1.0908747155974328,0.30673694990312844,0.039273642025729576,0.21311475409836064,0.4129065309227847,0.05286726392326918,10.25977978702511,6.6859776993696,0.8560517239282055,0.9305542097001085,0.2646913177628074,0.03389025047167658,7.139344262295082,0.6132641324705558,0.07852042609628415,0.17508890795773926,0.1981518665272031,0.025370746743022733,0.5802527331527151,0.313138657902722,0.040093296744239004,0.819672131147541,0.3876509048663705,0.04963361236225396,39.41489007677383,30.996936422878196,3.9687510270636657,1.4366873062031031,0.4111850805940977,0.05264685479422464,9.717213114754099,0.35200440881491374,0.04506954622728514,1.2579689736431179,0.37356196112819323,0.04782970796446763,1.4788323443306033,0.4415724235857136,0.05653755538032189,1.0,0.0,0.0,18.642106522027806,13.359434712246367,1.7105003382232509,1.1456421222162585,0.3543953961089407,0.045375680780371554,10.782786885245901,0.37769975354127067,0.04835949799484807,1.1240202874342087,0.35113075153949774,0.04495768587561021,1.2829646998143143,0.3735914597714212,0.047833484878708796,1.0,0.0,0.0,6.834205288588358,5.524640628238809,0.7073577487902114,0.7335738586435875,0.27975793096461976,0.03581933261719242,14.971311475409836,2.4937832540204425,0.319296227073682,0.3350627053868226,0.18089925064137796,0.023161775634320966,0.3026325411408612,0.3735744847579272,0.04783131145094421,0.9836065573770492,0.12803687993289598,0.01639344262295082,3.0172076578133638,1.9099574316412327,0.24454499035199087,0.39967357418670957,0.2662019301194849,0.034083664564613654,19.64344262295082,0.7819034152756159,0.10011247370076533,0.3763643293570789,0.1746893463947184,0.02236667886989663,0.18041483771034175,0.30642675105712475,0.03923392513332848,1.0,0.0,0.0,2.678307362965753,1.5810749505569117,0.20243590360936473,0.36471473499702584,0.23123984440539944,0.029607228193835673,22.34426229508197,1.40027075836115,0.17928629896183176,0.12284872329011183,0.15910959992091678,0.020371896741245534,-0.14859269810740067,0.24067251990638416,0.030814958534401228,0.7704918032786885,0.4240063923634022,0.05428845554981331,124.5393989561092,69.52492622994507,8.901754632046925,2.032178923393328,0.24080384941979627,0.03083177355554162
IPG,ESS1,1.6074859768973064,0.2558146759282768,0.03275371294690147,1.5431637574105648,0.29864150667793427,0.03823712673350182,21.927018694877457,10.966441083390965,1.4041089002853067,1.294403846870133,0.20115919924523432,0.025755796241159562,2.639344262295082,0.9634190311116948,0.12335316681151504,0.07939673013932701,0.11732482368676986,0.015021904363531142,0.98776636336183,0.30457515421497766,0.03899685245076637,0.7377049180327869,0.4435327625727436,0.056788551067832024,11.573879950726111,7.434384191246659,0.9518753560696684,0.9928826616463655,0.24275038646710517,0.031081002085752842,6.077868852459017,1.1213282521992962,0.1435713707922054,0.28942118043783926,0.10333429735847972,0.013230601023837838,0.5864617211131,0.29075029409132414,0.03722676049502506,1.0,0.0,0.0,3.312493741706126,1.944995836206573,0.24903119835036358,0.46251723907726133,0.21854446675538056,0.027981751649957434,8.950819672131148,0.6874161647841555,0.08801462095440074,0.2976587227611526,0.18128844405251737,0.023211606744373697,0.3127254192323532,0.2591989969656451,0.033187030853217364,1.0,0.0,0.0,1.809210768998185,0.9354564527454061,0.11977292552261634,0.203331605539909,0.2186386253772045,0.027993807426114556,11.004098360655737,0.4575564702823769,0.058584102848064375,0.2914080343223366,0.16598545399724776,0.02125225964405284,0.16025403372107597,0.2205814306151085,0.02824255814709307,0.9836065573770492,0.12803687993289598,0.01639344262295082,2.9228716808237203,1.4094084375084932,0.18045625888968547,0.4219605196636569,0.19134823704140433,0.024499631251441608,14.520491803278688,1.957514943518532,0.2506341057901319,0.21160841752804785,0.11040701015608353,0.014136169103104492,-0.1061705577573211,0.1917011088903319,0.02454481186199444,0.9836065573770492,0.12803687993289598,0.01639344262295082,0.8542584791632405,0.41358252028098447,0.052953815491560925,-0.11806086453096766,0.21043017369710615,0.026942822883914825,19.737704918032787,0.8195860610548531,0.10493724209395537,0.14436089693755372,0.07606279566852743,0.009738843036371646,-0.392649926120402,0.21115049771114955,0.027035050923213684,0.9672131147540983,0.1795562228341584,0.02298981854422145,1.7332961299537084,1.1683097541949015,0.1495867357222838,0.15934959966189072,0.2607379801233452,0.033384077454998565,24.278688524590162,1.8692123790604398,0.23932812094684436,0.13662663162000593,0.07172709372824486,0.009183713287618862,-0.5434081016502448,0.2504565794404808,0.03206767899022466,0.9672131147540983,0.1795562228341584,0.02298981854422145,49.3526526755069,24.0425584038774,3.0783341636368897,1.6499512418458686,0.19097834229826718,0.024452271082626743
IPG,LSS1,2.0383272969606514,0.27372809578163687,0.035047291333853696,2.0787900996023643,0.34384625806285185,0.04402500205896893,50.9746085934689,27.348833946657514,3.5016593683328976,1.6499612810773114,0.2278903197463091,0.029178365507227452,3.2131147540983607,0.40526756998147334,0.051889195198414416,0.19187878139739128,0.15250297399337345,0.019526004970599115,1.2387106174001064,0.3020457631297967,0.03867299710808972,0.9180327868852459,0.27659127289275987,0.03541388359785716,25.670351472745867,18.63296351613005,2.3857065125087744,1.310865991476016,0.2920392807201274,0.03739179832125225,5.569672131147541,1.017688503772339,0.13030166076658753,0.3710546961692643,0.15238789784002066,0.019511270978969143,0.9466425326365588,0.36437633858928314,0.046653609514344295,1.0,0.0,0.0,3.5210765310903325,1.7513508718933561,0.22423750130498232,0.4935530489433565,0.21901159185137084,0.028041560889786387,9.004098360655737,0.754834147454879,0.09664660910693024,0.18765996238562185,0.10937281498775295,0.01400375398050977,0.32403443819920835,0.24971906691054777,0.03197325018698062,0.9836065573770492,0.12803687993289598,0.01639344262295082,2.001866738053559,1.3950486211660067,0.17861767280878407,0.2140444135662486,0.27129302197413135,0.034735512081134366,11.200819672131148,0.5017047441207069,0.06423671008474725,0.2095685246004488,0.17300507254336167,0.022151029701016355,0.15156012884363373,0.3024406260103207,0.03872355411931332,0.9508196721311475,0.21803894974650143,0.02791702682938754,3.8588483660993727,2.118768506323347,0.2712805088497237,0.5246087239551604,0.23442326395470217,0.030014823300445782,15.110655737704919,1.4101747750455835,0.18055437835690996,0.29233455987293655,0.16953383987147325,0.021706583900186635,-0.026818089019403978,0.286273984154532,0.03665362773710558,0.9836065573770492,0.12803687993289598,0.01639344262295082,0.7846543747431157,0.3989931618715822,0.0510858395605983,-0.15456200621993824,0.2065994591740851,0.026452350148473577,19.50409836065574,0.8520707659366872,0.10909648235256633,0.11623920816476685,0.06281100952663157,0.008042125685225311,-0.4329293500696099,0.21614204885177807,0.027674153557285242,0.9836065573770492,0.12803687993289598,0.01639344262295082,1.3742176155060108,0.9332690969347173,0.11949286330931265,0.06554674380068165,0.24512684255819464,0.03138527610895346,24.139344262295083,2.1416137753669613,0.2742055458192957,0.10186239184123032,0.07572830284058497,0.009696015618321964,-0.6339821197028312,0.2701903103399425,0.03459432432402712,0.9508196721311475,0.21803894974650143,0.027917026829387542,98.18343295234284,51.585206439903864,6.604808883259623,1.9338251419626051,0.23037117379320524,0.029496006318960932
IPG,TS,1.4341521890726445,0.2711023194308398,0.034711095122496045,1.4845639226573961,0.3560238061375227,0.045584177319682624,19.918481455326383,15.16949524004813,1.9422548406926794,1.217314530338003,0.2563427978468332,0.03282133202957761,2.262295081967213,1.0669526597474122,0.1366092895901634,-0.03649711240541693,0.15952804156422695,0.020425472703688965,0.9950218853712681,0.42946279755931227,0.05498707664674728,0.3770491803278688,0.4886694324465673,0.06256770944903756,9.283698208004504,5.672120665584918,0.7262406326243942,0.8972173020482039,0.24816801973843325,0.03177465894643434,6.545081967213115,1.2192109783938403,0.15610396965348075,0.20779108971357282,0.1525790486561136,0.01953574533305831,0.5255165371986228,0.27747315458323957,0.03552679697797613,0.9836065573770492,0.12803687993289598,0.01639344262295082,16.33128231076938,16.007403969001665,2.0495380600164284,1.031325043874874,0.41153144239507533,0.052691201878549754,9.758196721311476,0.3060746542741998,0.039188843759808356,0.9488254220350011,0.3583470827862194,0.04588164241300271,1.0153349670147735,0.43380147458540336,0.05554258731620451,1.0,0.0,0.0,7.333624980513298,5.5759139133874855,0.7139226202445575,0.751217932899167,0.32224758959497035,0.04125957593763636,10.758196721311476,0.408164624454078,0.05226012501408236,0.8594414693211814,0.3413790379824565,0.043709106897767316,0.8650086429013704,0.3729248515119298,0.04774813443702602,1.0,0.0,0.0,4.08917535115629,2.9672057150733586,0.3799117618770504,0.5358973298768607,0.23920883407146992,0.03062755276689683,14.19672131147541,1.9542233933300077,0.2502126659738507,0.2359257539350819,0.12662904743813808,0.01621318814285387,0.07529010543173649,0.2738473409868434,0.035062559117875286,0.9672131147540983,0.1795562228341584,0.02298981854422145,1.4682721057655472,0.8327460067394261,0.10662220047949449,0.10924389952390146,0.22049112493447198,0.028230995689504153,19.766393442622952,0.8327525298408188,0.10662303567704429,0.23781016345978523,0.14385867149876905,0.018419215449993816,-0.13488215305892765,0.23654463076574436,0.03028643648812482,0.9836065573770492,0.12803687993289598,0.01639344262295082,2.1648074922903735,1.3061675851473908,0.16723762227175715,0.2617777973285334,0.2584768186043011,0.03309456538907583,22.561475409836067,1.8002637177791239,0.23050014948083458,0.12599269600142485,0.12347814038208267,0.015809755834437993,-0.32703344740594076,0.23068073809842077,0.02953564196673932,0.7704918032786885,0.42400639236340215,0.054288455549813305,70.78019013792087,43.09359555152313,5.5175695195071475,1.7864400803857055,0.2295828133361297,0.029395067105774508
IPG,WS,1.4012865655155944,0.27081315030071124,0.034674070809301474,1.5430061133109052,0.37462049420666227,0.047965239237140564,28.050828505710868,27.90675359511001,3.5730936593740137,1.3206951970698362,0.31454186411315793,0.04027295888932569,1.6557377049180328,0.8368641048907791,0.10714946891805115,-0.01859407364751865,0.2178659291375983,0.0278948738104595,1.2605550956783,0.42068176154922193,0.053862780193436904,0.32786885245901637,0.47333256368751403,0.06060402462518807,9.295873824763635,6.341314075276882,0.8119220688730094,0.8828676030927537,0.2704938073109437,0.034633183129263195,7.110655737704918,0.7049299465253245,0.09025703092436574,0.16690933902142832,0.1914149837405844,0.02450817729055044,0.5197983043128928,0.32051719393713324,0.04103802147655746,0.8032786885245902,0.4008188340197077,0.05131959292622468,28.35860539793733,25.80265195269554,3.3036910500175827,1.2911034138198734,0.39646651514817144,0.05076233559744012,9.676229508196721,0.3516160971591329,0.04501982801443739,1.150305368021157,0.35293121602460537,0.04518821173071337,1.31336110187307,0.41019520639897306,0.052520114390754796,1.0,0.0,0.0,10.986179741279328,7.690126045859167,0.9846197452025063,0.9259369851418454,0.33523433559987964,0.042922358376585944,10.827868852459016,0.3551437021549554,0.04547149155173819,0.9301546694866754,0.3480144571724003,0.04455868526789459,1.0238338955636748,0.3357990491988625,0.04299466254385539,1.0,0.0,0.0,5.434209967413603,4.131622095994751,0.5290000022329799,0.643560529800514,0.26667968708573836,0.03414483507593895,15.311475409836065,2.553859716889695,0.32698822993686555,0.30816473946976636,0.1646291331722753,0.021078600557435354,0.1974775463634715,0.32730902879204216,0.041907626820399495,1.0,0.0,0.0,2.3477191701754587,1.4510235660112234,0.18578453010118157,0.30083303542715767,0.24330911987533538,0.03115254056805691,19.618852459016395,0.8147169209008647,0.10431381258068272,0.3414363761285058,0.16322734356447435,0.020899119789730164,0.07385360337150593,0.2887738068954311,0.0369736972412356,1.0,0.0,0.0,2.489217189698115,1.5832325313701192,0.20271215352489091,0.32447144094700936,0.24566023178061003,0.03145356960078136,22.520491803278688,1.5229460772129662,0.19499326403239145,0.11466157287220322,0.1373376650081116,0.017584286124907873,-0.2351664204145559,0.22398966584770422,0.028678937952351997,0.819672131147541,0.3876509048663705,0.04963361236225396,100.0397005226133,56.14488573752053,7.18861599402108,1.9367364009217471,0.23883721873812497,0.03057997229908012
L_DLPFC,ESS1,1.6161989543214579,0.23984233981344483,0.030708664865518872,1.4744210864876348,0.28371996252286724,0.036326618776106094,18.230630524391298,8.72967662560812,1.1177205579659952,1.2137085717315335,0.205289655810031,0.02628464701241448,2.8524590163934427,0.8580222525041817,0.10985849212363086,0.060775115515842214,0.12457900233660645,0.015950706764332048,0.8294021415768341,0.3149851263771735,0.040329712806602226,0.6721311475409836,0.4733325636875141,0.06060402462518808,9.16325024749242,5.25014385998142,0.672212039030872,0.8989140327539452,0.2336742898497009,0.029918926992890886,5.905737704918033,1.2367328720145314,0.15834741824319018,0.2730863124889413,0.10730513651294059,0.013739014879890387,0.5126539927856056,0.2900424271612179,0.037136127421886586,1.0,0.0,0.0,2.9155369149319186,1.5454949025143918,0.19788034527013795,0.4101027702560514,0.21885519727041367,0.028021536615602218,9.151639344262295,0.6618765754224095,0.08474461161775541,0.33113537607200566,0.18276433721093438,0.02340057549949172,0.25437886241256014,0.2555974853101992,0.03272590453781212,0.9836065573770492,0.12803687993289598,0.01639344262295082,1.600830088605652,0.8198923022002703,0.10497645225472167,0.14876117618140383,0.22332956860050762,0.028594421160368647,11.09016393442623,0.47441364441901257,0.06074244282900471,0.3239524611236557,0.15916829967100657,0.020379412474099873,0.10979968850750675,0.23358035139485162,0.029906899406226265,0.9836065573770492,0.12803687993289598,0.01639344262295082,2.6719984361189444,1.4447265470043866,0.18497827943466805,0.3719095367083951,0.21386597368671434,0.02738273199465773,14.561475409836065,1.9222684828656422,0.24612125893945835,0.25405284251157406,0.11439002040518746,0.014646141308140508,-0.1423430511124445,0.21764109889948416,0.02786608724825679,1.0,0.0,0.0,0.7154182267929066,0.3708623035572549,0.04748405223219746,-0.19959805898553534,0.21704963705589683,0.02779035831920451,19.53688524590164,0.7757201836220902,0.09932079201194557,0.1446530323391774,0.08562577848064322,0.010963257518486863,-0.4668144234597089,0.23095562809868736,0.029570838024698207,0.9508196721311475,0.21803894974650145,0.027917026829387546,1.3864484928627006,0.8973327600158606,0.11489168685400489,0.06441504991576573,0.2588782288589969,0.03314596070566016,23.766393442622952,2.1451830013520103,0.27466253837819676,0.13081105415178093,0.07459835096547512,0.009551340105758572,-0.6142551039378428,0.2466454569963917,0.031579714763441256,0.9836065573770492,0.12803687993289598,0.01639344262295082,41.08443793064036,19.092938596813823,2.444600286686407,1.5716148484311978,0.18995412464160116,0.024321133449495044
L_DLPFC,LSS1,2.015820028071904,0.2591892052205012,0.03318577714872005,1.9515314681469171,0.32253232524655434,0.04129603260207083,38.596632933983415,21.165907633373905,2.710016774325061,1.5308139386682615,0.2223962286989332,0.028474919231454184,3.2172131147540983,0.401755029620211,0.05143946048992002,0.16908034910020917,0.13568346996070949,0.017372488152238057,1.100894180672748,0.2817999292724504,0.03608078370935531,0.9344262295081968,0.24958982745138694,0.03195670276986545,17.86780678841021,11.853983985728526,1.517747124307195,1.1636572857130985,0.28069810501283055,0.03593970956891921,5.540983606557377,0.9802001579916092,0.12550176993897735,0.3316565681344553,0.1462356863008244,0.018723561008803295,0.799330277937291,0.35287372445662385,0.04518085068972656,1.0,0.0,0.0,2.8914167393699093,1.366543399349918,0.17496795314565697,0.41151036645450506,0.21391317709682856,0.027388775772010952,9.14344262295082,0.7209065710291496,0.09230262807769497,0.22078252166515377,0.127184419780469,0.016284296284766946,0.23747290836666896,0.24113946259993688,0.03087474441999118,0.9672131147540983,0.1795562228341584,0.022989818544221455,1.721568272280873,1.2417349429585849,0.15898786780006977,0.14874831395487306,0.2712802545106271,0.03473387737494262,11.192622950819672,0.5049617201311543,0.06465372313114122,0.25899840499882887,0.1775431191725337,0.02273206703240554,0.09770513896753086,0.30440664916288107,0.03897527758964299,0.9836065573770492,0.12803687993289598,0.01639344262295082,3.2350888660301296,1.8474815619525224,0.23654577492595424,0.44450079514956614,0.2418846872837708,0.030970160663358254,15.05327868852459,1.4549590158162247,0.18628841281534644,0.31863014317239874,0.15770885737180426,0.020192550035667917,-0.09788699802225415,0.3025562749578261,0.03873836144971944,1.0,0.0,0.0,0.6386248441211797,0.3674785774273236,0.04705081049597365,-0.25368507268025126,0.22302662242237234,0.02855563287693261,19.53688524590164,0.9069592805699832,0.11612423651036465,0.13159247675303515,0.0749839691709524,0.009600713457633206,-0.5173829255110104,0.23215166923417185,0.029723975399957043,0.9508196721311475,0.21803894974650154,0.027917026829387556,1.075290873861646,0.6952307695870293,0.08901517857126934,-0.0384427935694228,0.24437507821312776,0.031289022547766304,23.87295081967213,1.8510261516811835,0.2369996131354542,0.0990490544448986,0.06740226381311092,0.008629975559044663,-0.7245483623581953,0.25633331213728383,0.032820117508922955,0.9836065573770492,0.12803687993289598,0.01639344262295082,73.37248964234404,37.71396579287129,4.828778510015208,1.8112704360644378,0.22181359557997696,0.028400320704757454
L_DLPFC,TS,1.4287788342701695,0.26748464451453235,0.03424789931360054,1.4086921195241155,0.36263342288136824,0.046430452025116836,16.272442684340994,10.458432449245128,1.3390650597903015,1.1332061377185774,0.26052211379291246,0.0333564386035674,2.4139344262295084,1.0953359890744707,0.14024340251930784,-0.041418623117579045,0.17418330449165625,0.02230188684351325,0.8746578879776807,0.44478718009592216,0.05694916277363297,0.3114754098360656,0.4669398107735577,0.059785516487903166,7.983428818800402,4.787821550395895,0.6130177329881711,0.8263544178443385,0.26287560120957215,0.03365777178935783,6.64344262295082,1.1623064501898825,0.14881809140819252,0.21779932046903067,0.16313255500138016,0.02088698335785826,0.45256902809589666,0.2903329117482265,0.037173320162075765,0.9344262295081968,0.24958982745138694,0.03195670276986545,13.019335681568327,12.517341268481708,1.6026813210716764,0.9434204964805174,0.3955633952662694,0.050646702945556,9.745901639344263,0.3211042252871611,0.04111318313903782,0.9120050921301204,0.32987392483886674,0.042236028107587135,0.9087814479127715,0.4093756668087751,0.05241518309864436,1.0,0.0,0.0,6.587200446422317,6.385783928574936,0.8176158501403659,0.6811403680385066,0.3351842405870231,0.0429159443674396,10.782786885245901,0.4317488897786961,0.05527978076175605,0.8538998962395818,0.3081781328155268,0.039458166589245676,0.7879662349396708,0.3724878297690776,0.047692179536608384,1.0,0.0,0.0,3.6557365621623132,2.791836511019967,0.3574580361537388,0.479664047382168,0.2498354755258178,0.03198815478287711,14.37295081967213,2.109316116866867,0.2700702543958054,0.26117090835434464,0.1275893550952677,0.01633614293904842,0.023888219200019226,0.2863725167411992,0.03666624354207416,0.9836065573770492,0.12803687993289598,0.01639344262295082,1.262889480966034,0.7813500356376443,0.10004162069850105,0.03383616544306704,0.2373232499850084,0.030386128463615176,19.65573770491803,0.840589989266256,0.10762651952847795,0.22943737059114105,0.12624418246728072,0.016163911232789836,-0.20864782662683054,0.23925155890736538,0.030633023121580533,0.9836065573770492,0.12803687993289598,0.01639344262295082,1.8763546696713431,1.2674547390454878,0.1622809502435471,0.18939128267836083,0.26929332014270463,0.03447947649784239,22.557377049180328,1.6779162689075044,0.21483516385956294,0.14123857508985413,0.13447661138742642,0.017217965745994625,-0.3812442696573007,0.2582068577540672,0.03306000044410785,0.819672131147541,0.3876509048663706,0.04963361236225398,59.47060547071831,39.500901595265404,5.057572194794135,1.7022935549845029,0.24259857227895587,0.031061564270772658
L_DLPFC,WS,1.3682067021293605,0.24952567449310675,0.03194848882524879,1.4408440358745227,0.3580386254095952,0.04584214849290746,21.805508364581335,20.879435132177115,2.673337729085251,1.2233602527324814,0.3039167961366525,0.038912558336539,1.6680327868852458,0.8338181649738972,0.10675947627463052,-0.03326371762338858,0.19970319480068652,0.025569373974911234,1.1497484451168964,0.41039974803545864,0.05254630326370678,0.3770491803278688,0.48866943244656735,0.06256770944903756,7.848701787052397,5.466392943090007,0.6998998969204451,0.805648132975367,0.2762802371271117,0.03537405954887603,7.05327868852459,0.726169680151674,0.09297650014848936,0.15913440284534566,0.19934365137968346,0.025523339157085604,0.4425394445695898,0.33257725170136576,0.04258215364450029,0.8032786885245902,0.4008188340197078,0.051319592926224684,21.243499333692363,16.697254052984814,2.1378643123910774,1.1891116901061394,0.37394839685054565,0.04787918598865225,9.59016393442623,0.36808283398930197,0.04712817762084834,1.1091448314762307,0.3366022667265358,0.043097504010006095,1.2077289558645898,0.38288189599708994,0.04902300334625897,1.0,0.0,0.0,9.85304642409821,7.589753894606979,0.9717684081240234,0.8643712739795926,0.3519180237199051,0.04505848574924753,10.823770491803279,0.37456714544669767,0.047958408628366415,0.9482280352246187,0.32352456347723446,0.04142307568927725,0.9742860065297501,0.3354078948820484,0.042944580365558226,1.0,0.0,0.0,4.9536649454826955,4.083486711453036,0.5228368977818886,0.5920820797348703,0.27886091803295204,0.035704481880162224,15.717213114754099,2.4501170932206087,0.31370534808622313,0.296723067358888,0.174600397468283,0.022355290126882463,0.10370416893074215,0.34162251174711933,0.04374028051894026,0.9836065573770492,0.12803687993289598,0.01639344262295082,2.0200575183032465,1.2660336046944858,0.16209899263527935,0.23523328738844484,0.2432199671889169,0.03114112573625025,19.614754098360656,0.828620553605764,0.10609399033195101,0.33677954244422986,0.15136516393602314,0.019380323320899714,0.00962211887931454,0.29240426332223945,0.037438529554856464,1.0,0.0,0.0,2.2347299913312577,1.6051921716143882,0.20552379734621598,0.26819960845944396,0.2552529593788935,0.032681792512511756,22.40573770491803,1.5943676479160354,0.2041378591051192,0.1161433114944625,0.13854758201048548,0.017739200122869586,-0.28816418416838147,0.23744820234352854,0.03040212697374035,0.7213114754098361,0.4520747556538116,0.057882241210340364,80.69853485776385,47.10677656669307,6.031404695295438,1.8440321722624926,0.2330940650887507,0.02984463682483901
L_STG,ESS1,1.643843444936072,0.26949365010824755,0.03450512612158757,1.6017131945317848,0.3084692874963625,0.039495445126157734,20.978324176929654,9.022377574943748,1.1551970742723259,1.2824154528771727,0.1891870916707228,0.024222924941098123,2.942622950819672,0.8220825214850074,0.10525688109830826,0.06885294113049953,0.12034097987894685,0.015408083591767768,0.919839214086527,0.2729876035174286,0.034952481014730016,0.7049180327868853,0.45986455596845643,0.05887962293792778,13.085709175121458,8.509476997994886,1.0895268846840112,1.0438274872206736,0.24897553349746857,0.0318780504886441,6.090163934426229,1.1893912894183574,0.15228594971649054,0.33644079503600793,0.11912525670407402,0.015252426189594936,0.6653415834391884,0.28766661993710035,0.036831936477588534,1.0,0.0,0.0,4.196292886842907,2.9590520340225175,0.3788677899953327,0.552623645608553,0.23748042379224082,0.03040625250750039,9.049180327868852,0.640344425763633,0.0819877023571975,0.38973599080392546,0.20790472849871436,0.026619472760271226,0.4204256068562898,0.2669318289372489,0.03417711853190687,1.0,0.0,0.0,2.3461226770641406,1.368873620708356,0.17526630741794436,0.29854400663609665,0.25494514564248166,0.0326423810021011,10.979508196721312,0.4638944787682799,0.059395601679587615,0.39854758677834223,0.19359162703282126,0.02478686790641531,0.2908625833382447,0.26067423700918124,0.033375915985543805,1.0,0.0,0.0,3.1254599388542,1.5784580520421583,0.20210084408843468,0.4451411331201837,0.20566819240399983,0.026333113656846673,14.684426229508198,1.92240173098667,0.24613831961313165,0.2478115695166379,0.12581631386037648,0.01610912827134058,-0.0616529254637475,0.22839805120559104,0.029243373859117683,0.9672131147540983,0.1795562228341584,0.022989818544221455,0.8842150764711373,0.4541353334972499,0.058146071168273056,-0.10884666983833932,0.22302478586676414,0.028555397730082716,19.647540983606557,0.8333879763505608,0.10670439626551591,0.15211262428101144,0.08675421209084057,0.011107738637147944,-0.3710022344383813,0.23350941104102743,0.029897816424661283,0.9672131147540983,0.1795562228341584,0.022989818544221455,1.687192712732903,1.0997245165535798,0.14080529588523277,0.15113998574840906,0.2573408510098671,0.03294911964257962,23.57377049180328,1.905772077955482,0.24400911072465173,0.16151356155403404,0.07614204696358497,0.009748990124921454,-0.4896132077374819,0.2517337228458187,0.032231200447071,0.9836065573770492,0.12803687993289598,0.01639344262295082,52.32190167904118,23.982600006229596,3.0706572774762892,1.677090825603261,0.18999073247655385,0.024325820602463483
L_STG,LSS1,2.0950121900832004,0.28067789860898373,0.035937122404016,2.159548010385282,0.35179877567815904,0.04504321760204425,53.680355986545784,29.398828264930597,3.7641342447247474,1.669122994857046,0.2337613126954239,0.02993006912654014,3.307377049180328,0.24321390886312583,0.031140350047118348,0.20203220800843907,0.15144386373603874,0.019390399797745053,1.275857047436462,0.3026875431360455,0.03875516861769313,0.9836065573770492,0.12803687993289598,0.01639344262295082,29.365964991740544,21.415604060016655,2.7419871257227917,1.369582784554041,0.2926387920687565,0.03746855788381509,5.631147540983607,0.9785262700623758,0.12528745055116094,0.4090493809736911,0.15277746965598324,0.019561150538794782,1.0155328204452196,0.3790480452457911,0.048532129057934276,1.0,0.0,0.0,4.07941702539658,1.8249518681472907,0.23366114322528886,0.5644200388880602,0.20886176428952025,0.026742008636910123,9.069672131147541,0.731908389561414,0.09371126659615403,0.2516842745473848,0.11529613246184954,0.0147621570687451,0.4076291662711675,0.23008740194452104,0.029459673056842616,1.0,0.0,0.0,2.272356284661655,1.6537139295398717,0.21173637183985416,0.25922021534905887,0.29408774046337927,0.037654076715446363,11.094262295081966,0.5003414134914728,0.06406215348466315,0.25644151519823616,0.18992891195449296,0.024317905295702987,0.22840328231522627,0.3127096159311404,0.04003836354883744,0.9672131147540983,0.1795562228341584,0.022989818544221455,4.451028142835728,2.551452489082714,0.32668001599917207,0.5797371578560095,0.2505012850609002,0.03207340295837863,14.967213114754099,1.4737108842957647,0.18868934354837874,0.38159016453864375,0.19182112167651075,0.024560177924688835,0.0841144024643227,0.31209428323451194,0.03995957827024044,0.9836065573770492,0.12803687993289598,0.01639344262295082,0.7800817502620617,0.3691759436121132,0.04726813596637771,-0.15480709842122142,0.20644480177188193,0.026432548297236954,19.66393442622951,0.8451888914882175,0.10821534862009435,0.13349498160825682,0.08490387586917346,0.010870827360498865,-0.41559594941026917,0.2113907284477774,0.027065809317195492,0.9344262295081968,0.249589827451387,0.03195670276986546,1.2845033194200162,0.7752070541703404,0.09925509251794186,0.04719753532468212,0.2314385094213353,0.02963266464262792,23.69672131147541,1.9727913568608615,0.25259005009104907,0.11286154008419512,0.08193405640258276,0.010490580942032616,-0.6062929548852558,0.2669007898632283,0.034173144385713256,0.9672131147540983,0.1795562228341584,0.022989818544221455,107.39323682404098,57.18661557318694,7.321995831912815,1.9716599044340135,0.23150427444004237,0.0296410849904319
L_STG,TS,1.435002186874107,0.2917320525224945,0.03735246178139993,1.509647459368423,0.36974780601423374,0.04734135544409616,17.510676734204537,9.911135115058835,1.268990816725497,1.1806073653676337,0.23584459325056542,0.030196805868845333,2.5368852459016393,0.9463042868330932,0.1211618483532335,-0.06600766571513471,0.15353267498219697,0.019657844672471895,0.8978733220733517,0.36038368616817723,0.04614240275568937,0.22950819672131148,0.4240063923634022,0.054288455549813305,10.343561458472664,6.224244529167764,0.7969328494540378,0.9400497121541619,0.2595865690592525,0.03323665437483192,6.430327868852459,1.2291012532376584,0.15737028958616203,0.24786843765513475,0.15998329348887103,0.020483761739703836,0.5995899798987049,0.2704704089065535,0.034630187270569664,0.9836065573770492,0.12803687993289598,0.01639344262295082,17.87604881275088,15.783615981388907,2.0208849443160295,1.0886110635442217,0.39640460045786563,0.05075440823367134,9.778688524590164,0.35968261662117307,0.04605263999827499,1.00123107239946,0.35613491303944067,0.045598403100743215,1.0909822880237614,0.44519751597097107,0.05700170089879876,1.0,0.0,0.0,10.755267857630786,10.206585197687815,1.306819323481228,0.8729366509307781,0.3765031713816462,0.048206291348546385,10.745901639344263,0.380492562560603,0.048717080547931835,0.9711478721001302,0.3572914978850083,0.045746488615747365,1.001690934215424,0.41702823542881395,0.053394994108226526,1.0,0.0,0.0,4.534734846898115,3.288587767930166,0.421060517191265,0.5736472815478711,0.2551357111958364,0.032666780420975323,14.151639344262295,1.9781508034254855,0.2532762569073506,0.2797823899570332,0.13617223547688936,0.01743506816394852,0.14612144430660987,0.30496235975244324,0.03904642903967621,0.9836065573770492,0.12803687993289598,0.01639344262295082,1.708605887158613,1.1629437489034637,0.1488996891470647,0.15121245486638146,0.26168482940471555,0.03350530908275193,19.74590163934426,0.8702152550742455,0.11141964612971561,0.2819968332421548,0.13663753477573887,0.017494643634408176,-0.06656317810883425,0.2744959826653436,0.03514560917458489,0.9836065573770492,0.12803687993289598,0.01639344262295082,2.24511466967984,1.4843402974993136,0.19005030045047872,0.2679230227521967,0.27392957338467117,0.03507308789752256,22.737704918032787,1.9591804353203601,0.25084735016399184,0.16890875815720544,0.13370999163942246,0.017119810145365257,-0.2660721216482031,0.2774992745363578,0.03553014129527739,0.8688524590163934,0.34036303344446667,0.043579020846725436,77.96852148762646,49.503764886177336,6.338307600957799,1.8209224728795537,0.24607674953495295,0.03150689923448409
L_STG,WS,1.368620120453317,0.2781705825447327,0.03561609347814367,1.5350937359916517,0.3603075463337363,0.04613265404884895,22.342920919183058,18.787260240362865,2.4054621836634102,1.2630217120684,0.2599770764294792,0.03328665372010655,2.0778688524590163,0.9371287971851366,0.11998704728685257,-0.08188036744285451,0.19054277270641193,0.024396502111091952,1.062074988666332,0.33184337735857455,0.0424881906633865,0.2459016393442623,0.4341941848573452,0.05559286871414154,9.966462060461257,6.988768721562162,0.8948201416814334,0.9070103084498466,0.27926097550150175,0.03575570399022918,6.963114754098361,0.8098817629415761,0.1036947340415927,0.1831065832367041,0.20989359646759287,0.026874121209604907,0.5652686788646666,0.3333055487381364,0.042675402524752784,0.7213114754098361,0.45207475565381167,0.05788224121034037,30.45240718589285,24.026827435063517,3.0763200194716385,1.332348573871752,0.3949585114617841,0.05056925551050777,9.684426229508198,0.3816129129111678,0.04886052671124987,1.1648132134081153,0.3647432395966457,0.04670058637457123,1.350739197467055,0.42770571487641673,0.05476210526224521,1.0,0.0,0.0,15.355993572604527,11.796165388125992,1.510344211468071,1.046829195361023,0.3770911994131511,0.04828158062301336,10.827868852459016,0.3723265356918949,0.04767152794621426,1.0453695601503703,0.35506382535191583,0.04546126437509799,1.1650299279615786,0.3787769629713987,0.04849742052931596,1.0,0.0,0.0,6.5149298108654365,5.735114785495684,0.7343062031918874,0.6960895203653327,0.2989897810314353,0.03828171869508474,14.913934426229508,2.4634347827701357,0.3154105035040596,0.3527357348448548,0.1835843919174741,0.023505572745491348,0.2875242235995302,0.3826530809545368,0.048993706582128746,1.0,0.0,0.0,2.7677684839647085,1.890784346411524,0.24209012834049148,0.35259656451622745,0.27881983963923984,0.03569922233079866,19.598360655737704,0.8001024524560773,0.10244262163913437,0.379666401470418,0.15175262123099448,0.019429932144055077,0.14674481594616853,0.3033506723139661,0.03884007360862655,1.0,0.0,0.0,2.7231680812045713,2.1631189205125634,0.27695899750624264,0.3452169583207968,0.264683111101216,0.03388919971633176,22.262295081967213,1.2726499825726143,0.16294613301525196,0.12816062918654417,0.14519293816709944,0.018590050791205303,-0.17921001985523194,0.250839281309251,0.03211667894344649,0.8360655737704918,0.3732884438274,0.0477946876626664,106.74441887916907,62.724444524509124,8.03104217244217,1.9640841250494236,0.23765375292352486,0.03042844502867148
Occipital,ESS1,1.5917480000459654,0.2567572421093445,0.03287439617985564,1.4882237360725183,0.3035692971234824,0.03886806564711294,27.9213605913167,17.85887920192489,2.28659517211295,1.379022309913086,0.23489821882353926,0.03007563503996062,1.9877049180327868,1.0795699659935944,0.13822477011508244,0.17961160723170508,0.14609637181128354,0.018705723616233037,1.2664535630917912,0.41983121044985594,0.053753878284450586,0.9180327868852459,0.27659127289275987,0.03541388359785716,9.456360601413065,5.630794237561085,0.7209493257214512,0.9075104004523531,0.24335726324604154,0.03115870469503158,5.954918032786885,1.0190970234327048,0.1304820032292249,0.273992011875186,0.12346014147766125,0.015807451310873664,0.5407502105378543,0.2992485019509805,0.03831484451439668,1.0,0.0,0.0,2.6227450181307956,1.5647223359116749,0.20034216585144365,0.3559941397398103,0.23043782780080754,0.029504540490129353,9.057377049180328,0.6882850708811092,0.08812587298000937,0.2503287212055867,0.19109659882405888,0.024467412279220817,0.215275377574372,0.26536734138746626,0.03397680642733883,0.9508196721311475,0.21803894974650145,0.027917026829387542,1.2123452358735283,0.6048675400557764,0.07744535260142758,0.03336366189406575,0.2097065758144833,0.026850175668697743,11.19672131147541,0.4897166572331239,0.06270179284329666,0.1500038649076444,0.1357635973554299,0.01738274741385521,-0.030968082008858006,0.23078806366651514,0.02954938359761515,0.9016393442622951,0.30027309973793775,0.038446030818224834,2.645208527788466,1.3846748767029269,0.17728945093451018,0.36988447812732467,0.2112066824337997,0.0270422446398017,15.860655737704919,1.7568464824342302,0.22494114213196217,0.20048163645471487,0.10154061848035739,0.013000943976681518,-0.21755780059617805,0.23719297299239692,0.03036944820395416,0.9836065573770492,0.12803687993289598,0.01639344262295082,0.8644001962267698,0.4751950168269707,0.060842487314185324,-0.12396143076281535,0.23048406197265606,0.029510460169239118,19.64344262295082,0.9348117194492548,0.11969037588298828,0.18397700818273877,0.07735556425067287,0.009904365092104824,-0.3854967274252149,0.23697350071517842,0.03034134765834734,1.0,0.0,0.0,1.8334245241635663,1.3108424504526026,0.16783617743954302,0.1707659841487092,0.2825393521578341,0.03617545710855082,23.864754098360656,2.222317563983883,0.2845386071125703,0.20750350074629959,0.08670725287341477,0.011101726125464657,-0.4934398955596348,0.2785270094993884,0.03566172927334177,1.0,0.0,0.0,50.853070846359955,26.992824515478098,3.4560770315380003,1.6536920019224322,0.2113175318356687,0.02705643745135944
Occipital,LSS1,1.9089272492945635,0.2680355727078789,0.034318438440543705,1.8490953904624972,0.3445901054883558,0.04412024196247656,48.69703727205743,31.045916227878383,3.9750222484756113,1.6131221455103373,0.25652760962340126,0.032844994752824236,2.80327868852459,0.7666414227252865,0.09815837579306205,0.17291883738207,0.137215197105027,0.017568605716704995,1.2056785305910116,0.37865739045487556,0.048482110837374616,0.9180327868852459,0.27659127289275987,0.03541388359785716,14.992268658065733,13.395792369975661,1.7151554592805778,1.0727422845686165,0.2826438741198413,0.036188839774450685,5.790983606557377,1.0870260728520311,0.13917942677368292,0.27294267994429694,0.14151151271607854,0.01811869256275103,0.6793592900683818,0.3460657942026045,0.04430918454120116,1.0,0.0,0.0,2.576895055725058,1.6085763158193158,0.20595709261145786,0.3462342821782118,0.2325328482118398,0.029772780366953657,9.012295081967213,0.7150556935013823,0.09155349997417016,0.1591853676913441,0.1118960334170833,0.01432681899559041,0.18741973661305253,0.27665371459852856,0.03542187843904147,0.9344262295081968,0.24958982745138691,0.03195670276986545,1.2785791227508616,0.7465132563326262,0.09558122816937566,0.042354351624905515,0.23684229758108952,0.030324548818421178,11.12295081967213,0.48438739407728537,0.06201945061648175,0.14305267185021522,0.13566871996160026,0.017370599608373102,-0.0037131632361899957,0.2569964041774421,0.03290501774485315,0.9344262295081968,0.24958982745138694,0.03195670276986545,2.9563686953624373,1.7885884881032736,0.22900528950063878,0.4028928239173664,0.24135157667753043,0.030901902844676102,15.262295081967213,1.5701819357881455,0.20104119598530895,0.24579279324698675,0.12986704278592426,0.016627770964421647,-0.1572211697965465,0.2691752772890285,0.03446436265915932,1.0,0.0,0.0,0.7553860683778519,0.4070379621659766,0.0521158706899758,-0.18140088369284196,0.2300124694137066,0.02945007892939166,19.811475409836067,0.779497351001643,0.09980440873820783,0.17943535559509655,0.07450894359727246,0.009539892665290893,-0.44485387603728394,0.23630241543583508,0.030255423993011323,1.0,0.0,0.0,1.4195870593783642,0.9169964697732643,0.11740936689924891,0.07360631042897392,0.2624843382809498,0.03360767570474362,24.422131147540984,2.300607249368521,0.29456257416014736,0.18666770740314637,0.08366124956846246,0.010711725366033273,-0.6085841619100549,0.26769875905336293,0.034275313871100686,1.0,0.0,0.0,78.93222109579706,47.912459139030425,6.134561778073823,1.830273740903064,0.24258875339967786,0.031060307092105464
Occipital,TS,1.4771785499919678,0.30470198532346876,0.039013091510176005,1.4726778077772174,0.4065498764611785,0.052053377719193605,27.99502927483194,27.329510861051695,3.4991853007412526,1.3160335712753375,0.32000392464202804,0.040972304077446835,1.7950819672131149,0.9762899551376795,0.12500111976565548,0.10539371365292324,0.2169447632879559,0.027776930609170546,1.2572719943281039,0.5030019047469094,0.06440279448409801,0.6229508196721312,0.4886694324465673,0.06256770944903756,9.206247128638378,8.162032004205882,1.0450411117309626,0.8638477435699861,0.2802087586572704,0.03587705518834675,6.692622950819672,0.9804266106128569,0.1255307642260545,0.21624745679142235,0.19088974412358156,0.024440927248772247,0.47508686131307376,0.32811382237879677,0.04201067008023756,0.9344262295081968,0.24958982745138694,0.03195670276986545,14.361205791811482,15.294883351595141,1.9583091432758366,0.9390273687103804,0.44833480705720263,0.05740338986092114,9.635245901639344,0.39150822280584363,0.05012749131613329,0.8892418667333015,0.3700392266535111,0.04737866803349727,0.9093727779547862,0.4765189897716177,0.06101200467913351,0.9836065573770492,0.12803687993289598,0.01639344262295082,3.8068191222819965,3.104588216886099,0.39750178876652903,0.45398804284953753,0.3308141413568068,0.04235641049700555,10.741803278688524,0.3193979137727802,0.04089471233654292,0.5999911079627104,0.34833045466634743,0.044599144601086195,0.5509076712525197,0.3844913001697216,0.04922906643507371,0.9836065573770492,0.12803687993289598,0.01639344262295082,3.2290252057401605,2.3007043103274745,0.2945750015424951,0.43270589714794266,0.2432046661065442,0.031139166633403655,15.614754098360656,1.9592588790640344,0.2508573938561821,0.17203619169806333,0.12454925933189054,0.01594689856280839,-0.11283799005184396,0.26293691532175595,0.0336656222569777,0.9508196721311475,0.21803894974650143,0.027917026829387542,1.293120517709181,0.8111015325679414,0.10385090953878942,0.038717291374775364,0.25012260906323325,0.03202491846513188,19.692622950819672,0.8604667369889899,0.11017147629011008,0.26494373097196,0.15411200278936127,0.01973201999735958,-0.17323427503892674,0.28556435335650554,0.03656276882382198,0.9836065573770492,0.12803687993289598,0.01639344262295082,2.181384737164413,1.5275782700187064,0.19558635554648604,0.24631718491469876,0.28523678771080485,0.036520828340573255,23.487704918032787,2.261740770175798,0.2895862314303343,0.16632564423688512,0.1178254849053904,0.015086007463866716,-0.3823494781185064,0.28721064252927697,0.03677355455297094,0.9016393442622951,0.30027309973793775,0.038446030818224834,69.36747963003249,50.86645723332337,6.512782477394813,1.7486315247646362,0.2779053308662777,0.03558213148083733
Occipital,WS,1.5213535522105506,0.34294304892467753,0.04390935797899021,1.624189662643362,0.4707073273323855,0.06026789755319101,53.79784685233112,64.88315242395682,8.307436396573948,1.500418809538407,0.4371416763994725,0.05597025633482413,1.5245901639344261,0.7110803371642612,0.0910445077521437,0.12940888939835277,0.24482500505108495,0.03134662977629641,1.5048422699470303,0.43977976406916935,0.05630802884904155,0.639344262295082,0.48417582499356226,0.06199236197111158,10.515922267757114,10.074080701671294,1.2898538612341919,0.8985277538131644,0.30803731230193154,0.039440136370054384,6.885245901639344,0.9656321013674186,0.12363652142213022,0.19854561598831902,0.1975868897898145,0.02529840888433283,0.5510964249782292,0.31947190758595884,0.04090418627351665,0.819672131147541,0.3876509048663705,0.049633612362253964,23.680889723257177,24.596190386722494,3.149219475351438,1.1733644536737986,0.4279504893036424,0.05479344541619454,9.618852459016393,0.40209492395310376,0.05148297949981049,1.05379407681102,0.3847478994849726,0.04926192061079136,1.1829785280247045,0.47131564145391974,0.06034578419533137,0.9836065573770492,0.12803687993289598,0.01639344262295082,6.130785433167826,4.806005137681005,0.6153459027701441,0.6501509689380073,0.36170162834526787,0.046311147959976026,10.737704918032787,0.33673131446611343,0.043114026879944006,0.7231508002618712,0.39786719675785587,0.05094167450052349,0.77965738215516,0.40417781939478775,0.05174966693339016,1.0,0.0,0.0,4.332709859151377,3.179276788350014,0.40706468042341387,0.5399242794228196,0.28140290331908047,0.036029949745033436,15.913934426229508,2.255033834697036,0.2887274963377224,0.2526678285529413,0.15601601960804515,0.019975804370163622,0.057126055156124324,0.32797585077580027,0.04199300462667054,0.9836065573770492,0.12803687993289598,0.01639344262295082,1.9225818185176795,1.3489737904271835,0.17271839523754887,0.19258469056082034,0.2760107035208912,0.0353395493068985,19.602459016393443,0.8796034252959403,0.11262167815318033,0.3283159265272044,0.18384350162606541,0.0235387483441397,-0.011478150876044622,0.32896306355270344,0.042119404270455116,1.0,0.0,0.0,2.5314932269345545,2.088326459174889,0.2673828041140651,0.3021857847147183,0.282977141092911,0.036231510237867214,22.860655737704917,1.9249050789172764,0.24645884047155295,0.13764733835522588,0.12347975855926244,0.015809963020795268,-0.3021335459597157,0.2762817265980888,0.03537425025609269,0.9016393442622951,0.3002730997379378,0.03844603081822484,113.1655416000185,86.23513136701429,11.04127716083592,1.9382021370349558,0.32315300500263283,0.04137550250147663
R_DLPFC,ESS1,1.6362466194470262,0.2757395169981869,0.03530482743065159,1.6410560641957952,0.3385553085685804,0.043347565393839875,27.42184921785689,13.805802522165502,1.7676518799077767,1.385103494268926,0.2199463339127489,0.028161242346867277,2.7827868852459017,0.8903129246647702,0.11399288903800864,0.1148647621990364,0.1130609521978883,0.014475971561659915,1.0580265479463462,0.2923854232889617,0.03743611733577776,0.8688524590163934,0.34036303344446667,0.043579020846725436,15.405362312423135,11.008869354300598,1.4095412837135237,1.1002669324392054,0.27290582545322395,0.0349420104065423,5.864754098360656,1.070994252330324,0.1371267624944394,0.3202934736503843,0.11050229206732885,0.014148368701734387,0.7163092269907962,0.30062677652079856,0.03849131449000704,1.0,0.0,0.0,3.8502401431681186,2.1076232536054484,0.2698535054656604,0.5253098633485296,0.23127170111200668,0.029611307027154605,8.959016393442623,0.6864466595398674,0.08789048852784352,0.29498241825444943,0.16684094429676982,0.021361793952816503,0.38049349239568614,0.26530330833949345,0.0339686078356638,1.0,0.0,0.0,1.933584447795478,1.0989749534605349,0.14070932416548645,0.22440174991391934,0.2315499950265055,0.029646938911671344,11.10655737704918,0.49677924421853475,0.06360606444516334,0.2479504225984802,0.14943645464669073,0.019133377401195997,0.1781328926294326,0.2446141744727301,0.03131963568684941,0.9672131147540983,0.1795562228341584,0.022989818544221455,3.297192187050313,1.7661574019518291,0.22613328321630183,0.46490107967088057,0.21036406483117817,0.026934358510985502,14.934426229508198,1.8967634930675668,0.2428556796229924,0.18706994889825557,0.10396138641863832,0.013310891550540598,-0.08635744118003812,0.22871359952877054,0.029283775681885647,1.0,0.0,0.0,0.945383166338961,0.4781019940957481,0.061214687613715436,-0.0770076496896196,0.21619093869196485,0.027680413259883175,19.7827868852459,0.8055477042516702,0.10313981468949109,0.1344092470217694,0.09286837460105542,0.01189057692835854,-0.34484031353957506,0.2281094919822495,0.029206427636485177,0.9180327868852459,0.2765912728927599,0.03541388359785716,2.0477529861257504,1.2462716392678606,0.1595687322407125,0.23749320512880545,0.2582981075020664,0.03307168377713633,24.528688524590162,2.19900468046329,0.28155369824435456,0.18084456557833425,0.08320034177217325,0.010652712169859656,-0.448299621273529,0.24744587806195134,0.031682198179308084,1.0,0.0,0.0,61.51913363702256,31.65010939407979,4.052381256352818,1.7376519944049513,0.2110951311263668,0.027027961958445555
R_DLPFC,LSS1,2.123181458664066,0.2880539416733342,0.03688152794422611,2.2523392735173893,0.3735833082373677,0.04783244118172192,73.05956082968143,43.64821395427513,5.588581129348879,1.793228694245484,0.2524340521387313,0.03232086842466114,3.2540983606557377,0.279477948141294,0.03578348449005899,0.23085390527083566,0.16707051243095117,0.0213911871404491,1.3960066008894938,0.3181129045017416,0.040730183758794294,0.9344262295081968,0.24958982745138691,0.03195670276986545,37.55428482479829,29.531095155707256,3.7810692847382157,1.4607307399991725,0.31531161076471953,0.04037151484893042,5.467213114754099,0.993180297743132,0.12716370653385525,0.4259495933373327,0.16259577448328635,0.020818255655112767,1.1310321053512888,0.3924247977622459,0.050244846713775666,1.0,0.0,0.0,4.517277508480276,2.4435193843312826,0.3128605980253283,0.5907744992244889,0.2421225524153169,0.031000616172646243,8.89344262295082,0.7209065710291488,0.09230262807769486,0.20141141665632573,0.11306182395446719,0.014476083178652338,0.4409964879318231,0.26976311324188695,0.034539627340475706,0.9672131147540983,0.1795562228341584,0.022989818544221455,2.193033114482612,1.3892002383913913,0.17786886412566902,0.25876281902816267,0.2717769996216187,0.03479747906907591,11.12704918032787,0.49079644206227047,0.06284004512381947,0.17529624146775077,0.1632461369839497,0.020901526040523057,0.20740260988403633,0.30170519856434524,0.038629392283713614,0.819672131147541,0.3876509048663706,0.04963361236225397,4.450441668299929,2.6358588031132517,0.3374871370942783,0.5757702991255894,0.2558203458520293,0.03275443890624819,15.258196721311476,1.453420687202804,0.18609145001937258,0.27369657851242596,0.17733088356810797,0.022704893047804195,0.02074922351459991,0.30785988692274097,0.039417419378081915,0.9344262295081968,0.24958982745138694,0.03195670276986545,0.9266179015325656,0.5099994294218303,0.06529873571072835,-0.09084057733550892,0.22388075943194605,0.028664993914673642,19.799180327868854,0.8646045243963026,0.11070126567956803,0.1212030281244855,0.0768626726636333,0.009841256791155101,-0.37744775526409513,0.2398597882197604,0.030710898905023317,0.9344262295081968,0.24958982745138694,0.03195670276986545,1.6117409434236751,1.0703016222604504,0.13703808030134507,0.13245782830125175,0.2534475488514178,0.032450633381575764,24.21311475409836,2.023732147117965,0.25911234993688465,0.135533857194238,0.08883579111990765,0.01137425752136344,-0.5470516055797796,0.2684818808029192,0.03437558233652145,1.0,0.0,0.0,138.5775172104375,80.76027977984322,10.340294245518873,2.0712857675188032,0.25334508388580634,0.032437514087076444
R_DLPFC,TS,1.4651905203939644,0.2710241148557595,0.034701082052706285,1.5683305911913414,0.37993244626551725,0.048645365005109485,22.647519688365595,15.122256641694394,1.936206557947064,1.2734974165735418,0.26557858428472086,0.0340038533088113,2.581967213114754,0.954944709869165,0.12226814116007245,-0.039380109627833774,0.1468911900813287,0.018807489667643285,0.9589321123360884,0.3461405276645806,0.04431875318049917,0.3442622950819672,0.47907013758040845,0.06133864568481871,11.485344438707674,6.92478941236121,0.8866284305510814,0.9819654023191858,0.2680212830329402,0.034316608835149295,6.594262295081967,1.1851194862634364,0.15173900136884697,0.2418720987258599,0.14458499747877457,0.018512211962287927,0.6131909924736048,0.28676635962293046,0.036716669955834814,1.0,0.0,0.0,19.08818146672875,18.035966464462565,2.309268872684132,1.0954669817522833,0.42205228271985784,0.054038257448007096,9.754098360655737,0.32110422528716087,0.04111318313903779,0.9637824867482442,0.34258677881127403,0.04386374226525668,1.0830441106707946,0.43323805903531837,0.05547044934706595,1.0,0.0,0.0,9.6644179994895,9.027625028505126,1.1558689418539174,0.82524723381852,0.37448118901505456,0.047947403035048665,10.795081967213115,0.4318279863974377,0.05528990804603297,0.8954817422728171,0.3365487094652447,0.043090646705372625,0.9509946772951136,0.39989978760326494,0.051201921090549836,1.0,0.0,0.0,4.504046947154053,3.6703523327790837,0.4699404609434602,0.55889389258785,0.26608096332526887,0.03406817635370675,14.668032786885245,2.1711754264085705,0.2779905273843284,0.221213860224566,0.12576606117969089,0.016102694074897332,0.09109799522563519,0.31669913220654816,0.04054916876518216,0.9672131147540983,0.1795562228341584,0.02298981854422145,1.6397881610990779,1.0777679644398241,0.13799404745850347,0.14386852990673826,0.24154390047284008,0.030926527383364398,19.709016393442624,0.8662422773451487,0.11091095845723918,0.23496276914478473,0.13758813220399432,0.01761635516319424,-0.09252938604851742,0.2620129658731474,0.03354732265236214,0.9672131147540983,0.1795562228341584,0.022989818544221455,2.3884332995554587,1.3798577840694237,0.1766726854233687,0.30437843763335254,0.2636828886803784,0.03376113435832879,22.672131147540984,1.9782889195414122,0.2532939408639023,0.1395843088744267,0.13410385476180753,0.01717023915067607,-0.27470826748481114,0.25785449218697415,0.033014884656301466,0.8032786885245902,0.4008188340197078,0.05131959292622469,84.04195795681721,53.14286059272647,6.804246061001548,1.848747905165107,0.2571648275058604,0.03292658214233175
R_DLPFC,WS,1.4369375352347469,0.27206807216735546,0.03483474708966617,1.6257560536830151,0.38540034823817243,0.04934545811346718,30.460763932863053,26.72056422288847,3.421217673145207,1.3648991873819663,0.3125407098291216,0.04001673733853332,1.7377049180327868,0.8689388038341613,0.11125621329554877,-0.0605454062485779,0.18997817998571262,0.024324213420700787,1.2609442832016078,0.3910655583233704,0.05007081393694031,0.26229508196721313,0.44353276257274366,0.05678855106783203,11.044135827779183,7.45008288885823,0.953885368330864,0.954591638516655,0.2772413666200084,0.03549711957035801,7.065573770491803,0.6722190233105174,0.08606882637621732,0.1870731267521888,0.18199142698793297,0.023301614486070377,0.5981911599869516,0.3312620423355821,0.042413758340846826,0.9344262295081968,0.24958982745138694,0.03195670276986545,34.138642285887244,31.66900732671924,4.054800888685154,1.3567194805484262,0.4203550581177498,0.05382095010540784,9.655737704918034,0.33280354072832735,0.042611126985475506,1.1729466394541033,0.3616865598979129,0.04630921864299126,1.3843151626262884,0.4366717275775029,0.055910085553931,1.0,0.0,0.0,14.593691233504385,12.336260818816216,1.5794963452796609,1.0130823183412687,0.3795092638665243,0.048591182051099906,10.78688524590164,0.3841550944762048,0.049186019707060144,0.9973839826604077,0.34210463690125525,0.043802010319413,1.1399339968065278,0.37569305133206765,0.04810256610502727,1.0,0.0,0.0,6.387661128490847,5.709209280110754,0.730989343109316,0.6837251782508773,0.3039081443891397,0.038911450593781496,15.885245901639344,2.3877176037360983,0.3057159121432209,0.30017920719348656,0.16768154841772873,0.021469422281722817,0.20541967212581583,0.3845850045946206,0.04924106405727369,1.0,0.0,0.0,2.674383864293365,1.936420679917824,0.24793326209421523,0.3353390552608688,0.2782414039828621,0.03562516123411412,19.65983606557377,0.7866500530801027,0.10072021839542335,0.33964443127056715,0.18106771060755478,0.023183344722783848,0.1070897039760953,0.33055500669586924,0.042323231703536635,1.0,0.0,0.0,2.6566756097496156,1.693998611853917,0.21689429687243242,0.34899643056687313,0.25377352070703946,0.0324923698009155,22.577868852459016,1.758634048301975,0.22517001648834276,0.12448813107619167,0.14940025279070113,0.019128742228507307,-0.19164018965827548,0.2429844601678303,0.031110972152068032,0.7377049180327869,0.4435327625727436,0.056788551067832024,118.37936830273487,72.53703944236908,9.287416209770349,1.997732926722005,0.26079696986308054,0.03339163031722234
R_STG,ESS1,1.6312080306249557,0.2773525150124357,0.035511350663733954,1.64623061459055,0.3437757405135121,0.044015973211970955,27.23229558791819,13.507434907103583,1.7294498214022294,1.3852645251246432,0.21218667603135194,0.027167719962386504,2.7254098360655736,0.9461599120840901,0.12114336306083005,0.12235716734311254,0.12115442987954994,0.0155122351918264,1.0940130025709782,0.26806965779843633,0.034322802589190904,0.8688524590163934,0.34036303344446667,0.043579020846725436,16.620966384189384,12.901322286195006,1.651845052533145,1.1240719117566964,0.2837334153894657,0.03632834123917152,6.057377049180328,1.0541519524232805,0.13497032696344743,0.34082583965713253,0.124102849080989,0.0158897415871129,0.7238465959411243,0.3101694242778325,0.03971312533511631,1.0,0.0,0.0,4.116177729927691,2.6086077445146514,0.33399799657644497,0.5446225154738789,0.2434409148397973,0.03116941518409748,8.90983606557377,0.6661968973291069,0.08529777215499469,0.3166947977522008,0.19147093580843272,0.024515341218743533,0.41556591810206106,0.2761874296791137,0.03536217677279983,1.0,0.0,0.0,1.927714046778108,1.0999196600812486,0.1408302814536546,0.22213966956481326,0.23310505798128328,0.029846044320500323,11.073770491803279,0.4880750076727488,0.06249160115564302,0.2352682237951204,0.15015821447021493,0.01922578927706095,0.17895698777312824,0.23931132434057095,0.03064067530117601,0.9508196721311475,0.21803894974650145,0.027917026829387546,3.2872378844948003,1.691080692893783,0.21652069563287982,0.46778136236430623,0.20173561588724945,0.02582959882954458,14.782786885245901,1.832277390887763,0.23459908030085644,0.19144896229304253,0.113038729108614,0.014473126186646763,-0.06463291235897585,0.20231324191776004,0.025903556264259178,0.9672131147540983,0.1795562228341584,0.02298981854422145,0.9690802957023401,0.4819055681141274,0.06170168536362255,-0.06332468335750462,0.20882663791762673,0.026737511165849517,19.762295081967213,0.8470859725014593,0.10845824495400977,0.14131245393284986,0.08918883638318831,0.011419460335348984,-0.32481317120024095,0.21561767668014098,0.027607014580505195,0.9508196721311475,0.21803894974650145,0.027917026829387542,2.1283487896622493,1.3144688754429747,0.16830049358062094,0.2551842991676198,0.25332285442919167,0.0324346678968089,24.5,2.222985979862821,0.2846241889962072,0.20247855166493545,0.0942946789636975,0.012073196488785909,-0.41263595119565416,0.2518031679279727,0.03224009197871668,0.9836065573770492,0.12803687993289598,0.01639344262295082,63.24356315740174,33.36861983256093,4.2724139710280555,1.7489190637445517,0.2114091398225894,0.027068166652181695
R_STG,LSS1,2.140006452063244,0.2981635844525127,0.038175935062908256,2.2967277893369107,0.391069369840314,0.050071301951677576,79.66983319096481,50.09767056987145,6.414349431672407,1.8233360937033793,0.26688899899530977,0.03417163471977327,3.2459016393442623,0.2831806081471702,0.0362575615246637,0.24312221455281893,0.16858564014445418,0.021585179365585884,1.4465016915217142,0.3309356530341624,0.042371968473049575,0.9180327868852459,0.27659127289275987,0.03541388359785716,42.890789970137476,34.90759452121458,4.469459488458968,1.5130949742217235,0.3224336088988019,0.04128339326890624,5.524590163934426,1.0028136645965888,0.12839713276902087,0.45978400614866616,0.16458758378988836,0.021073280704151393,1.186516804800035,0.3907647645736219,0.05003230124371919,1.0,0.0,0.0,4.813913758664438,2.6663564130184434,0.34139195591194965,0.6168456068203155,0.24336222982731326,0.03115934060060154,8.774590163934427,0.7241444924195992,0.09271720142999612,0.2064281078960148,0.11711209402254733,0.014994667121054916,0.4880832649073199,0.2724125442782326,0.03487885222396678,0.9672131147540983,0.1795562228341584,0.022989818544221455,2.3144009799875014,1.565230299816832,0.20040720396497846,0.2740989365395328,0.2815175506227479,0.03604462882808774,11.147540983606557,0.513113553831589,0.06569745848387672,0.17151948409533307,0.1756298097592445,0.02248709286478175,0.22864902563770914,0.3075634360737061,0.03937946273631804,0.8360655737704918,0.3732884438274,0.047794687662666396,4.765457801668345,2.8056640276980733,0.3592284682464235,0.607209817895161,0.2521652691664066,0.03228645429150559,15.163934426229508,1.3873575346541882,0.17763293008851688,0.2968756014074441,0.19892886856543995,0.02547023165970008,0.07306492426307522,0.29949972661934027,0.03834701053709564,0.9508196721311475,0.21803894974650145,0.027917026829387542,0.9621919911519282,0.5186099882795844,0.06640120480135372,-0.0711327799750076,0.2155329826155939,0.027596170616731752,19.700819672131146,0.9092346508317998,0.11641556781937974,0.1273197332905985,0.07697931492694413,0.009856191302617731,-0.34278312360598145,0.22282943127102525,0.028530385137163758,0.9672131147540983,0.1795562228341584,0.022989818544221455,1.6792985778207734,1.0980381990594656,0.14058938505471014,0.15227873344157816,0.24877292266304007,0.031852108829563276,24.58606557377049,2.3070928883832176,0.2953929751439602,0.14070956930370387,0.09513951972759517,0.01218136726423549,-0.5334247650356806,0.2802643364520536,0.035884171195784346,0.9344262295081968,0.24958982745138694,0.03195670276986545,153.20070057034758,93.92139270285737,12.025402080626122,2.109160017891325,0.26303770323015113,0.03367852682630358
R_STG,TS,1.4463842032832281,0.27066149689626134,0.034654653580564514,1.5380045968941425,0.3784399620347502,0.048454271980853024,20.656295943378506,12.451741574015458,1.5942821408676664,1.2481250582591878,0.24066593860053712,0.030814115884534685,2.5491803278688523,0.9744866940804737,0.12477023584618635,-0.019953441807109347,0.15398237006870127,0.01971542222826906,0.9655138948536343,0.2934552944012177,0.03757310029492135,0.45901639344262296,0.5024529991884242,0.06433251432901176,11.570601246912952,6.943791527547831,0.889061402091702,0.9855446786385299,0.2675262061315057,0.034253220733362774,6.577868852459017,1.1587897634372657,0.14836782580868613,0.25941289391290795,0.15347995315134028,0.019651094333744654,0.6178412053032579,0.2718092743150164,0.034801611420119345,1.0,0.0,0.0,20.471834182688976,22.04577037547276,2.8226716545926007,1.09685106700432,0.444940017615307,0.05696873161275168,9.692622950819672,0.36626903426918445,0.04689594436386133,0.9621966034342704,0.34612918260504444,0.044317300594473495,1.0743091546649985,0.463560765842631,0.05935287411779425,1.0,0.0,0.0,7.629228655102641,6.654735464182122,0.8520515656126711,0.742093189714272,0.35454162384365523,0.04539440332328405,10.737704918032787,0.3548069589820308,0.04542837600653822,0.8158409401493449,0.31343671755313657,0.040131459371911975,0.8632834361245635,0.3785001831192609,0.04846198250061995,1.0,0.0,0.0,4.242096072466215,3.4968904867586086,0.44773094739159813,0.5375740407610308,0.2547909383374317,0.03262263677989965,14.737704918032787,2.14399657450179,0.27451063198602593,0.19446877959436612,0.1168753176512177,0.014964351013228037,0.0506303349902646,0.28761677848241,0.03682555493323867,0.9508196721311475,0.2180389497465014,0.02791702682938754,1.6046651749283691,1.0588820465343438,0.13557595345521695,0.1373001143875095,0.23233058166418474,0.029746882789277104,19.62295081967213,0.8607445309387582,0.11020704416070266,0.23553209416516716,0.12439250852619302,0.015926828678719914,-0.0946600861932961,0.25453692022616325,0.03259011309348638,0.9836065573770492,0.12803687993289598,0.01639344262295082,2.3844031084329087,1.3162733162260303,0.16853152854850703,0.3104788716578924,0.24945848579236382,0.031939886193638925,23.098360655737704,2.3149328142359185,0.2963967747890453,0.14942981291479784,0.1240274570256222,0.015880088623572007,-0.2808091291545416,0.2407818054582214,0.030828951115480206,0.8360655737704918,0.3732884438274,0.0477946876626664,80.19531455869806,54.40994878248835,6.9664800794184805,1.8265909636175075,0.2561683587678823,0.032798997394170366
R_STG,WS,1.4092450060285153,0.2734488848485255,0.035011542037134954,1.5770465710795603,0.3842655917120234,0.04920016742837557,25.59061162930475,19.928187663255752,2.5515429711204956,1.320500528843503,0.26976729751285633,0.034540163081475415,1.889344262295082,0.8774069159602421,0.11234044395109406,-0.05454601991344608,0.18318728405207393,0.0234547282934087,1.1737480456434335,0.3343946530145144,0.04281484803822179,0.3114754098360656,0.46693981077355773,0.05978551648790317,10.78536283475152,7.1611099933935405,0.9168861804103903,0.9457395559819074,0.27698032442975457,0.035463696542787054,7.098360655737705,0.6196078876404251,0.07933266071529241,0.21087573777754906,0.18297818250606476,0.02342795558386854,0.5912035751462194,0.32876462416203256,0.04209399671001783,0.9672131147540983,0.1795562228341584,0.022989818544221455,35.8742614962132,37.955464220614985,4.85969921521221,1.3548738585342373,0.43577345943223683,0.05579507410326802,9.598360655737705,0.32684950832592125,0.04184879125365206,1.1854798641803677,0.34942888793633065,0.044739784569789325,1.3795609734056882,0.45680489172029015,0.058487873073950335,1.0,0.0,0.0,10.910884147837752,7.95118550351882,1.0180449836382222,0.913749333047038,0.3482149721879709,0.044584358584867936,10.717213114754099,0.32105104032194565,0.0411063735020323,0.9141888064527863,0.3264148137756157,0.041793134319707104,1.0401169668416563,0.34664557220780756,0.044383417508041076,1.0,0.0,0.0,5.824767445739815,5.085767832306427,0.6511658453116027,0.6530251014431315,0.29094447856210576,0.03725162326879536,15.995901639344263,2.271880555141621,0.2908844978605488,0.2838251410154815,0.16885071451836114,0.0216191186613711,0.16889478523762214,0.34899182940128975,0.04468382495861466,1.0,0.0,0.0,2.584879716256817,1.894462550294435,0.24256107408941646,0.3241561461781296,0.2675084367801428,0.034250945601055835,19.639344262295083,0.8235145593783969,0.10544023476212352,0.3449038889514948,0.16957082639893536,0.021711319539762436,0.10109148614895322,0.3194299039552384,0.04089880825969335,1.0,0.0,0.0,2.595096174185762,1.5823066689120366,0.202593608984511,0.3467540363257705,0.23790808293964674,0.03046100865040901,22.807377049180328,1.9145242243086087,0.24512970823642213,0.12687916710777275,0.13980058421643693,0.017899630615868647,-0.20554901303403164,0.22737694289311003,0.029112634336714075,0.8360655737704918,0.3732884438274,0.047794687662666396,108.52233517346549,71.28960914028491,9.127699125957744,1.957615838100188,0.2617816162313124,0.033517701366047994
SPG,ESS1,1.607418361971928,0.293844900682763,0.037622984267612666,1.5731033126039504,0.34345454356879507,0.0439748481573254,27.61914908218764,13.887409779886035,1.7781006185661934,1.3880055572672552,0.22139264544688927,0.028346423563109572,2.622950819672131,0.9964760312593159,0.12758568197035772,0.15810796754237877,0.10889707221705511,0.013942841360498988,1.1037005419892345,0.2749126995155767,0.035198964299904205,0.8852459016393442,0.3213700180859909,0.04114721441970862,13.257901087830273,8.946227586144476,1.145447067299542,1.0360633462682822,0.2768338138709502,0.03544493778796052,5.655737704918033,1.1412383026292003,0.14612059152855691,0.30738606999686674,0.12191496075403002,0.015609611192087468,0.6909423028896654,0.3154523321484928,0.04038953237584859,1.0,0.0,0.0,3.1584409424592383,1.7412597107664662,0.2229454605193952,0.4380991994836552,0.23344732906936483,0.02988986764270952,8.950819672131148,0.6705403171621306,0.08585389007865371,0.25825409245352104,0.16677263090571384,0.02135304731936806,0.3022547735360725,0.2731428121855415,0.03497235344833373,0.9836065573770492,0.12803687993289598,0.01639344262295082,1.4853156746415088,0.7998852672010852,0.10241481391671776,0.11379555435590413,0.22573532881609096,0.028902447192238633,11.110655737704919,0.4798536889943952,0.06143896916313259,0.16344135769364299,0.1426486486960076,0.018264287905680583,0.05541632046353812,0.24049071110250006,0.03079168030240757,0.9180327868852459,0.2765912728927599,0.03541388359785716,2.978614916270948,1.5864784060595891,0.2031277451927838,0.41985269598495967,0.21444433291627918,0.02745678330589161,15.680327868852459,1.6820939006816424,0.21537005479743213,0.1899116641934206,0.11008178008282683,0.014094527659264357,-0.15423692625256658,0.24584508154936136,0.0314772371884286,0.9344262295081968,0.24958982745138694,0.03195670276986545,0.9673802957987229,0.5504000279216165,0.07047150229006259,-0.07734103275199335,0.23522178528145563,0.03011706347968317,19.811475409836067,0.7901156794326043,0.10116394638061088,0.16990617195679378,0.1011176974608079,0.012946794488880363,-0.3394436979400016,0.24511174948184689,0.031383343638549305,0.9508196721311475,0.21803894974650145,0.027917026829387542,2.1124678313582783,1.5236061434906478,0.19507777685913477,0.2305982550140085,0.28653273199872675,0.03668675700376564,24.225409836065573,2.3535013446426944,0.30133496908592594,0.21771722707157176,0.1052445292681622,0.01347518115750184,-0.42971932724345807,0.2870051212903693,0.03674724025478126,1.0,0.0,0.0,57.35334088544822,28.508611736004955,3.6501536978964153,1.7083787181517662,0.21131205734083022,0.02705573651412111
SPG,LSS1,2.0707730426426743,0.29892113143018967,0.038272929014332616,2.1384211755507074,0.37877170539539656,0.04849674736568864,69.93185928325234,41.824590453406564,5.3550900661253635,1.7714236570974824,0.26019888584970796,0.03331505350621236,3.0860655737704916,0.5100760684725517,0.06530854833566373,0.23864065754341823,0.16583629427142735,0.021233161698147148,1.3713357147306158,0.3374378911261339,0.043204494750926435,0.9344262295081968,0.24958982745138694,0.03195670276986545,28.52480062880374,21.901286425099094,2.804172380386377,1.3441497232722495,0.31188155194983325,0.03993234082028606,5.454918032786885,1.051297013139515,0.13460478944515625,0.3868648152001211,0.15686360500127258,0.02008432655938916,1.0191025941599194,0.38020732931388873,0.048680560172969414,1.0,0.0,0.0,3.5980851900365174,2.1227914833167585,0.27179559827200195,0.48446343016269394,0.2528382364852586,0.03237261892730821,8.782786885245901,0.70337787650627,0.09005830872168863,0.17099772844650377,0.12300568929646184,0.015749264671514194,0.3590465019587343,0.27262302799410587,0.034905801902223865,0.9180327868852459,0.27659127289275987,0.03541388359785716,1.7220425747674775,1.1746798184464793,0.1504023388740279,0.14577804381239737,0.28109643127665107,0.03599071002093412,11.114754098360656,0.5155372814109473,0.06600778500094506,0.13010514478882834,0.15977326292548719,0.02045687008167762,0.10387661398759479,0.31433861761515447,0.040246935841864034,0.7868852459016393,0.41290653092278456,0.05286726392326917,3.822263154172192,2.471556471280003,0.31645037916064983,0.4986387151780994,0.27159941455309916,0.034774741630979995,15.557377049180328,1.593210492097999,0.2039897004845816,0.2519152544087369,0.15636080308822045,0.020019949371217673,-0.06765206398472116,0.3083351710823923,0.0394782732789652,0.9508196721311475,0.21803894974650143,0.027917026829387542,0.8946964268455578,0.5384159700078855,0.06893710090585335,-0.11949723258846895,0.2508248433447613,0.03211483035152065,19.75409836065574,0.8055689025965443,0.10314252885942851,0.16471806438247047,0.0742894920862209,0.009511794778519291,-0.37718715337458064,0.2567162576840646,0.03286914866191696,1.0,0.0,0.0,1.6311860461732894,1.167423647004357,0.14947328132232038,0.12331399666744372,0.27746034505448725,0.03552515688588127,24.56967213114754,2.3940599875616555,0.3065279711795821,0.18250218200733206,0.08720908433915202,0.011165979060589805,-0.552680508607595,0.3076060635466996,0.039384920624959546,1.0,0.0,0.0,121.63077001812717,69.1098623076248,8.848611142460328,2.0142280318994294,0.25735125335549197,0.03295045152645742
SPG,TS,1.4570933345355694,0.28947078279030175,0.03706293586020328,1.4970256028839855,0.3929577502527158,0.05031308428780789,22.393945090780974,15.691948087243862,2.0091480731596794,1.2695595463697023,0.2620281986454701,0.033549273009003074,2.3114754098360657,1.0534227325968963,0.134876959932092,0.023262679038677975,0.16447094942862606,0.0210583472044424,1.0352650770190117,0.3620864979493403,0.04636042546326246,0.5081967213114754,0.5040817003777639,0.0645410481476378,10.544953349090743,6.805606307690566,0.8713685976883365,0.9383754925793935,0.2785686724634661,0.03566706366927103,6.581967213114754,1.0827446908545757,0.13863125198092785,0.25736373420149944,0.15685473706683262,0.020083191136732015,0.5658485643096978,0.306218525890645,0.039207264632688914,1.0,0.0,0.0,15.881589493276227,17.1541264931904,2.196360834162329,0.9843741748735308,0.4472505779858074,0.05726456855348715,9.64344262295082,0.36645547817755253,0.04691981606017128,0.8762709680434323,0.3563598556005896,0.045627204044436834,0.9392790674344785,0.48182771619655423,0.06169171744699969,1.0,0.0,0.0,4.781055299300815,4.210544635919441,0.5391049980013166,0.5350608725381047,0.35344620576211033,0.04525414940990097,10.741803278688524,0.35639167684221296,0.045631278336929884,0.636122603096951,0.32595894245349755,0.04173476597797222,0.6313183162332662,0.3977478190664007,0.050926389753375975,1.0,0.0,0.0,3.694630349222944,2.9022235999161596,0.3715916546008824,0.4812577160282247,0.2551335949936743,0.03266650946905318,15.114754098360656,1.9725056878307323,0.25255347391973787,0.17685848383422476,0.10784189785069137,0.013807740126844603,-0.04038323297173074,0.2667577795663603,0.03415483379350401,0.9344262295081968,0.24958982745138694,0.03195670276986545,1.3820156441086302,0.8663520769590227,0.11092501685721744,0.07319105213353005,0.23814446483309198,0.030491274250518365,19.688524590163933,0.8224148103108182,0.10529942632280165,0.23944927621032416,0.1228101300634719,0.01572422587748009,-0.1479753201484098,0.254929782664512,0.03264041397433538,0.9672131147540983,0.1795562228341584,0.022989818544221455,2.333049943810559,1.4589873565332157,0.1868041889920566,0.28559760902202486,0.27680340703768364,0.035441044591900436,23.549180327868854,2.6251268509553127,0.3361130514243867,0.1609616459792234,0.12507725882189746,0.01601450197011504,-0.3343412754314724,0.27300863135702463,0.03495517335370362,0.9180327868852459,0.2765912728927599,0.03541388359785716,69.88415178906678,45.97912080565375,5.887023170013608,1.7659419812966282,0.26159491968203674,0.0334937973223845
SPG,WS,1.4505568036096599,0.2988284953752311,0.038261068182886424,1.563880348608803,0.4057091018281119,0.05194572755844902,29.377537027232933,23.001555963381474,2.945047459153261,1.363240545024427,0.30638910869265173,0.03922910552242806,1.889344262295082,0.8235145593783977,0.10544023476212364,0.015526197557954107,0.18998388209343492,0.02432494350078259,1.220522339382536,0.40420371840616354,0.05175298296200006,0.45901639344262296,0.5024529991884241,0.06433251432901174,10.384839308613032,7.2576691537143265,0.929249314026804,0.9205251479946623,0.2924154801271137,0.03743996571955539,6.987704918032787,0.663680127377195,0.08497553278284302,0.22549618717347988,0.1625236628987266,0.02080902271281872,0.5675465528716097,0.31634348279610097,0.040503632524318524,0.9672131147540983,0.1795562228341584,0.022989818544221455,25.952293473869908,27.93701169276163,3.576967811790032,1.2069262429083383,0.4368578969029117,0.055933922093495556,9.577868852459016,0.383354121555594,0.0490834656333944,1.0661156523887363,0.3605709905472627,0.04616638462398524,1.2079472275626755,0.47846254543725564,0.06126085148253769,0.9836065573770492,0.12803687993289598,0.01639344262295082,7.459095423047688,6.025380337959516,0.7714708988813546,0.721266338403034,0.37769304111442026,0.048358638556657375,10.754098360655737,0.35205291765670843,0.04507575714803769,0.7646422763176127,0.3732151487815112,0.04778530319367626,0.832647008300233,0.39744701741466076,0.05088787604840853,1.0,0.0,0.0,4.815611162464965,3.8644019219549226,0.4947859648937949,0.5775167157366595,0.2880137820470645,0.03687638603097927,16.077868852459016,2.128938009708203,0.27258258033358773,0.2688552682749273,0.15233245664529513,0.019504172461376732,0.08947900652399811,0.36034315754779417,0.04613721359758754,1.0,0.0,0.0,2.07289167759251,1.4804790450879055,0.18955591773908864,0.22641149649008285,0.2736903078056766,0.03504245307931275,19.59426229508197,0.8430647642508321,0.10794338199603903,0.31574174613487266,0.17372634039280876,0.02224337858605547,0.006506987681845672,0.3262183807489435,0.04176798364785622,1.0,0.0,0.0,2.50813540015832,1.7152037884205167,0.219609341518446,0.31427490573493133,0.2691269475596939,0.03445817467140732,23.21311475409836,2.4672167456357283,0.3158947342293921,0.14067549282218822,0.11429609098214348,0.014634114877880059,-0.26994321044852493,0.2606756294383893,0.03337609426783514,0.9508196721311475,0.21803894974650143,0.02791702682938754,93.37108399469112,57.410654001335686,7.350681013238051,1.888738662813032,0.27802588120261995,0.03559756636977745
VmPFC,ESS1,1.602095210730306,0.2509851980343767,0.03213536166566161,1.462171690252552,0.29921870871406886,0.03831102988129941,19.201513787823732,9.7560714716977,1.2491369516385102,1.2335758076704677,0.20906420162982556,0.026767928082344728,2.6844262295081966,0.9724342729976904,0.12450745025443827,0.08840068753476149,0.10946956891726184,0.014016142051765336,0.9032653324349962,0.31181466272479585,0.03992377653261114,0.7540983606557377,0.4341941848573452,0.05559286871414154,9.285570378970402,5.879448553474212,0.7527862485128166,0.8978580731192337,0.2435295180113421,0.031180759657734234,6.061475409836065,1.0583553846504392,0.13550852131082222,0.25978689186228004,0.10759468429359458,0.013776087674316817,0.47645502988229144,0.276327388299058,0.03538009663781721,1.0,0.0,0.0,2.8087429601825864,1.572043982848128,0.20127960668115735,0.39096369092317457,0.22159968273089795,0.02837293197098382,9.03688524590164,0.7098064078409143,0.09088139781632734,0.30089697542065375,0.17460988690001056,0.022356505124113198,0.23382549269707525,0.26366427975221585,0.03375875172922796,1.0,0.0,0.0,1.3666270518299803,0.6645587903285509,0.08508803404564726,0.08610365761296093,0.2110248972020843,0.027018969425914984,11.077868852459016,0.4689104916509412,0.06003783631878678,0.24100858350311022,0.14070082910322101,0.018014895162348023,0.029855088262429157,0.23106702592841522,0.02958510105524786,0.9836065573770492,0.12803687993289598,0.01639344262295082,2.5453945442549832,1.3267409144290563,0.16987176716281369,0.3561676552347237,0.20211400374697427,0.02587804643050823,14.823770491803279,1.9117750599328942,0.24477771380733299,0.20681293176418547,0.10643971907270676,0.013628209531003332,-0.19835087787384173,0.20733441914407486,0.02654645212990664,0.9672131147540983,0.1795562228341584,0.022989818544221455,0.7350477907856494,0.3793202464002845,0.04856698084446974,-0.18649683406137202,0.213731707753503,0.027365541003488078,19.688524590163933,0.7927480391347002,0.10150098550372831,0.14756833795500018,0.08353210053742945,0.01069518952705345,-0.46237604615230277,0.22367620998904633,0.02863880404221275,0.9672131147540983,0.1795562228341584,0.022989818544221455,1.4639803977652368,0.9602296605274806,0.1229448097529625,0.08602006876176362,0.26303139300969225,0.03367771888536434,24.14344262295082,2.1018142046383814,0.2691097329605397,0.14388608011611645,0.08043256697809852,0.010298334920869413,-0.6053006496818837,0.24742537405012355,0.031679572909607545,0.9672131147540983,0.1795562228341584,0.02298981854422145,41.71188655158723,20.60112117413599,2.637703278255891,1.5748952287562359,0.19633707822181712,0.025138386910662402
VmPFC,LSS1,2.0177134768286713,0.2617061488269446,0.03350803875505611,1.9588783620539818,0.33284921590002337,0.04261697509194986,40.32455787400913,21.41584266385842,2.742017675814232,1.550852118147108,0.2218779955553706,0.02840856627667461,3.1762295081967213,0.41418660824329834,0.05303116102946061,0.174822775788686,0.1412417115592937,0.01808414806443401,1.1251206965649527,0.2997316184513123,0.03837670124374326,0.9180327868852459,0.27659127289275987,0.03541388359785716,18.83461752972172,12.358320301624737,1.5823207726313973,1.1868735028574344,0.28129518281174776,0.03601615754736977,5.774590163934426,1.0836905674137978,0.13875235906437236,0.34054281086143035,0.14060083095672554,0.01800209171167167,0.7798443326969194,0.3790083465104846,0.04852704615572835,1.0,0.0,0.0,2.851768950806483,1.380939064497489,0.1768111291957107,0.4027165110829298,0.22022835437683605,0.028197351367166223,8.795081967213115,0.7281657845821002,0.09323207513178136,0.19012860240910856,0.10212062834038432,0.013075206629489682,0.24713806846918315,0.2452502175711351,0.03140107266067204,0.9672131147540983,0.1795562228341584,0.022989818544221455,1.485432815083106,0.9587982192833614,0.12276153248225821,0.0933860475373896,0.26187813230829166,0.03353005898340779,11.188524590163935,0.4735850365934778,0.06063635046833526,0.18469475181152162,0.14999690724688067,0.019205136003474593,0.028975624123758058,0.2952375469978601,0.037801294356647745,0.9508196721311475,0.2180389497465014,0.02791702682938754,3.0202037457939075,1.7262836076629362,0.22102796700446586,0.4177825917114405,0.23326804703912038,0.029866912930928986,15.028688524590164,1.5599802086456482,0.19973499867205688,0.26315839396241525,0.1457527435689026,0.018661726528221758,-0.1453874489373139,0.25970856893423283,0.033252274858176604,0.9508196721311475,0.21803894974650145,0.027917026829387542,0.6444979316350437,0.3580190682509168,0.04583964445532992,-0.24499475667834428,0.21235479958459688,0.02718924597758722,19.827868852459016,0.9270708616463266,0.11869926060189713,0.12341564740795681,0.0673006413034473,0.008616964129976383,-0.5328496543978287,0.22195946701601696,0.028418997628299348,0.9508196721311475,0.21803894974650148,0.02791702682938755,1.1250099231572845,0.7345654384836799,0.09405146684999002,-0.019320614129280395,0.2428890498629885,0.031098756114322643,24.200819672131146,2.026809722266307,0.25950639305663736,0.10342997376017427,0.06950182699086344,0.00889879707754609,-0.7252228965396956,0.2613806961396351,0.033466368808407226,0.9672131147540983,0.1795562228341584,0.022989818544221455,75.73568695307468,38.097956175771955,4.877943440566047,1.824869987916708,0.22422014523600722,0.028708447814119156
VmPFC,TS,1.423732704735272,0.27702372230129463,0.03546925307085477,1.4032493031237403,0.36678237689987486,0.04696167115263147,16.87264817239047,11.213120022669978,1.4356929020157476,1.1477406164162451,0.26026177920017063,0.03332310617457413,2.19672131147541,1.0744327515972873,0.1375670172122329,-0.02690622538721568,0.16367468557176992,0.020956396064607207,0.9428842934193516,0.3445284680673489,0.04411235009940373,0.3770491803278688,0.4886694324465673,0.06256770944903756,7.8076552924801526,4.811705990201602,0.6160758221398389,0.8161000558254144,0.2626658097600453,0.033630910746723815,6.614754098360656,1.1924884437698295,0.15268249969632364,0.20327113074064868,0.15082677326860278,0.019311389459658216,0.4385416637385279,0.28127742912717657,0.03601388442098997,0.9672131147540983,0.1795562228341584,0.02298981854422145,14.044203966838841,12.498341835808683,1.600248692991727,0.9737967889963552,0.4102239895384629,0.05252379969412974,9.741803278688524,0.335308356575065,0.04293183579129827,0.9557552868182785,0.3603870683663837,0.04614283580179504,0.9525142896539687,0.4326381318981607,0.055393636548237216,1.0,0.0,0.0,5.980644831194308,4.142173899067455,0.5303510221760752,0.66761141341488,0.32266795054262454,0.04131339764181963,10.741803278688524,0.3762955761841186,0.0481797115071659,0.8566381031327513,0.339254120367431,0.043437039076225,0.7921086621582524,0.37150447251341945,0.04756627354173454,1.0,0.0,0.0,3.3927906648089787,2.3774625316777773,0.30440288471338645,0.4586225911332312,0.23291409391979181,0.02982159387788764,14.737704918032787,2.2919361490834356,0.29345235353405985,0.2132368753291225,0.12561511323229288,0.016083367170680214,-0.03531194928470238,0.2806655504483419,0.03593554138405451,0.9672131147540983,0.1795562228341584,0.02298981854422145,1.2595460138203605,0.6828599202466045,0.08743125361960143,0.04231169297856345,0.22489148205622492,0.0287944036859639,19.57377049180328,0.78175052272539,0.10009289781566943,0.23442812552507636,0.15288353683176525,0.019574731049045207,-0.20003857971695047,0.25020585731590117,0.03203557731166334,0.9672131147540983,0.1795562228341584,0.022989818544221455,1.8624743832740795,1.1370206720590172,0.14558057926964107,0.19480685141157503,0.26003125427760143,0.033293590482741595,22.635245901639344,2.0547575741494635,0.2630847488125834,0.12316859088559058,0.12016489016780152,0.015385537614564434,-0.39844079142656863,0.24328061435477769,0.03114889081014384,0.8032786885245902,0.40081883401970786,0.05131959292622469,59.82656368948911,33.46307573176398,4.284507809653269,1.7155455094165133,0.2325505970451469,0.02977505287219275
VmPFC,WS,1.3766023306814823,0.2647758631244148,0.0339010753959896,1.4558161991980465,0.3673916852341835,0.04703968509067346,22.510796975869333,20.980461190611223,2.6862727903990726,1.2354351757874364,0.30642666519463796,0.03923391413976357,1.721311475409836,0.9003452586088591,0.11527739777465466,-0.02278196253463771,0.2002146342654332,0.02563485708825195,1.1500270353452453,0.4190525639609963,0.05365418281744629,0.4262295081967213,0.4986320083803492,0.06384328658769355,7.794351214298152,5.166203765530269,0.661464611236074,0.8104006319959153,0.2647135877076749,0.0338931018459337,7.094262295081967,0.6894501650261932,0.088275047999174,0.15143605010417868,0.1842501032637912,0.02359080834920972,0.44089633970993086,0.31550833927123206,0.04039670335309815,0.8032786885245902,0.4008188340197078,0.05131959292622469,25.118545541617124,21.832761173748207,2.7953986210067923,1.244005108895266,0.39534808822544126,0.05061913570382079,9.64344262295082,0.3459859594737991,0.04429896275161463,1.18044163959518,0.349943652879478,0.044805693467008745,1.2828399388928664,0.41420185281899674,0.053033112897368936,1.0,0.0,0.0,9.735567448307307,7.473591339541283,0.9568953170083784,0.8590727345057703,0.347773035189698,0.04452777435048217,10.729508196721312,0.36025188516512724,0.04612552736648682,0.9466577686704297,0.36880254131640966,0.04722032670147605,0.9839787906541254,0.3704705890056137,0.04743389832318101,1.0,0.0,0.0,4.639766473706826,3.3765709191778472,0.43232560536368225,0.5828454435601932,0.2541867614508105,0.03254527985640909,15.44672131147541,2.451238952932085,0.313848987503403,0.2809269076046616,0.14841412710522964,0.019002481772517846,0.10724898197033575,0.30917347437567333,0.03958560701707438,0.9836065573770492,0.12803687993289598,0.01639344262295082,2.0676265107362144,1.226070089963435,0.15698218889796328,0.2461365725548782,0.24827266025593242,0.031788056791809495,19.668032786885245,0.8572257961434492,0.10975651633619996,0.34033776698646506,0.18192202144449537,0.02329272801683858,0.0163513496698643,0.30623878743898614,0.03920985885812112,0.9836065573770492,0.12803687993289598,0.01639344262295082,2.1693132949380507,1.32445114893826,0.1695785927335941,0.26858862551836776,0.23986963699320002,0.030712159911245693,22.540983606557376,1.6913876994133472,0.21656000378976387,0.12181347527284869,0.14621860825031718,0.018721374388501015,-0.28185304490791363,0.22742337139442473,0.029118578897162368,0.8032786885245902,0.40081883401970786,0.05131959292622469,85.94041646706542,46.41651229343079,5.943025411417788,1.8724813815563996,0.2395232722841361,0.030667812454578287
